medicine_name,brand_name,generic_name,country,status,regulation_type,authority,reason,alternatives,traveller_advice,source,last_updated,document
Paracetamol,Crocin / Tylenol,Paracetamol,India,Allowed,OTC,CDSCO,"No restriction, widely used analgesic/antipyretic",Ibuprofen,Safe to carry in personal-use quantities,CDSCO Guidelines,2026-07-20,"Medicine: Paracetamol. Brand: Crocin / Tylenol. Generic: Paracetamol. Country: India. Status: Allowed. Regulation Type: OTC. Authority: CDSCO. Reason: No restriction, widely used analgesic/antipyretic. Alternatives: Ibuprofen. Traveller Advice: Safe to carry in personal-use quantities."
Paracetamol,Crocin / Tylenol,Paracetamol,USA,Allowed,OTC,FDA / DEA,"No restriction, widely used analgesic/antipyretic",Ibuprofen,Safe to carry in personal-use quantities,FDA / DEA Guidelines,2026-07-20,"Medicine: Paracetamol. Brand: Crocin / Tylenol. Generic: Paracetamol. Country: USA. Status: Allowed. Regulation Type: OTC. Authority: FDA / DEA. Reason: No restriction, widely used analgesic/antipyretic. Alternatives: Ibuprofen. Traveller Advice: Safe to carry in personal-use quantities."
Paracetamol,Crocin / Tylenol,Paracetamol,UK,Allowed,OTC,MHRA / Home Office,"No restriction, widely used analgesic/antipyretic",Ibuprofen,Safe to carry in personal-use quantities,MHRA / Home Office Guidelines,2026-07-20,"Medicine: Paracetamol. Brand: Crocin / Tylenol. Generic: Paracetamol. Country: UK. Status: Allowed. Regulation Type: OTC. Authority: MHRA / Home Office. Reason: No restriction, widely used analgesic/antipyretic. Alternatives: Ibuprofen. Traveller Advice: Safe to carry in personal-use quantities."
Paracetamol,Crocin / Tylenol,Paracetamol,Japan,Allowed,OTC,MHLW,"No restriction, widely used analgesic/antipyretic",Ibuprofen,Safe to carry in personal-use quantities,MHLW Guidelines,2026-07-20,"Medicine: Paracetamol. Brand: Crocin / Tylenol. Generic: Paracetamol. Country: Japan. Status: Allowed. Regulation Type: OTC. Authority: MHLW. Reason: No restriction, widely used analgesic/antipyretic. Alternatives: Ibuprofen. Traveller Advice: Safe to carry in personal-use quantities."
Paracetamol,Crocin / Tylenol,Paracetamol,UAE,Allowed,OTC,MOHAP,"No restriction, widely used analgesic/antipyretic",Ibuprofen,Safe to carry in personal-use quantities,MOHAP Guidelines,2026-07-20,"Medicine: Paracetamol. Brand: Crocin / Tylenol. Generic: Paracetamol. Country: UAE. Status: Allowed. Regulation Type: OTC. Authority: MOHAP. Reason: No restriction, widely used analgesic/antipyretic. Alternatives: Ibuprofen. Traveller Advice: Safe to carry in personal-use quantities."
Paracetamol,Crocin / Tylenol,Paracetamol,Singapore,Allowed,OTC,HSA,"No restriction, widely used analgesic/antipyretic",Ibuprofen,Safe to carry in personal-use quantities,HSA Guidelines,2026-07-20,"Medicine: Paracetamol. Brand: Crocin / Tylenol. Generic: Paracetamol. Country: Singapore. Status: Allowed. Regulation Type: OTC. Authority: HSA. Reason: No restriction, widely used analgesic/antipyretic. Alternatives: Ibuprofen. Traveller Advice: Safe to carry in personal-use quantities."
Paracetamol,Crocin / Tylenol,Paracetamol,Australia,Allowed,OTC,TGA,"No restriction, widely used analgesic/antipyretic",Ibuprofen,Safe to carry in personal-use quantities,TGA Guidelines,2026-07-20,"Medicine: Paracetamol. Brand: Crocin / Tylenol. Generic: Paracetamol. Country: Australia. Status: Allowed. Regulation Type: OTC. Authority: TGA. Reason: No restriction, widely used analgesic/antipyretic. Alternatives: Ibuprofen. Traveller Advice: Safe to carry in personal-use quantities."
Paracetamol,Crocin / Tylenol,Paracetamol,Canada,Allowed,OTC,Health Canada,"No restriction, widely used analgesic/antipyretic",Ibuprofen,Safe to carry in personal-use quantities,Health Canada Guidelines,2026-07-20,"Medicine: Paracetamol. Brand: Crocin / Tylenol. Generic: Paracetamol. Country: Canada. Status: Allowed. Regulation Type: OTC. Authority: Health Canada. Reason: No restriction, widely used analgesic/antipyretic. Alternatives: Ibuprofen. Traveller Advice: Safe to carry in personal-use quantities."
Paracetamol,Crocin / Tylenol,Paracetamol,Germany,Allowed,OTC,BfArM,"No restriction, widely used analgesic/antipyretic",Ibuprofen,Safe to carry in personal-use quantities,BfArM Guidelines,2026-07-20,"Medicine: Paracetamol. Brand: Crocin / Tylenol. Generic: Paracetamol. Country: Germany. Status: Allowed. Regulation Type: OTC. Authority: BfArM. Reason: No restriction, widely used analgesic/antipyretic. Alternatives: Ibuprofen. Traveller Advice: Safe to carry in personal-use quantities."
Paracetamol,Crocin / Tylenol,Paracetamol,France,Allowed,OTC,ANSM,"No restriction, widely used analgesic/antipyretic",Ibuprofen,Safe to carry in personal-use quantities,ANSM Guidelines,2026-07-20,"Medicine: Paracetamol. Brand: Crocin / Tylenol. Generic: Paracetamol. Country: France. Status: Allowed. Regulation Type: OTC. Authority: ANSM. Reason: No restriction, widely used analgesic/antipyretic. Alternatives: Ibuprofen. Traveller Advice: Safe to carry in personal-use quantities."
Ibuprofen,Advil / Brufen,Ibuprofen,India,Allowed,OTC,CDSCO,"No restriction, common NSAID",Paracetamol,Safe to carry in personal-use quantities,CDSCO Guidelines,2026-07-20,"Medicine: Ibuprofen. Brand: Advil / Brufen. Generic: Ibuprofen. Country: India. Status: Allowed. Regulation Type: OTC. Authority: CDSCO. Reason: No restriction, common NSAID. Alternatives: Paracetamol. Traveller Advice: Safe to carry in personal-use quantities."
Ibuprofen,Advil / Brufen,Ibuprofen,USA,Allowed,OTC,FDA / DEA,"No restriction, common NSAID",Paracetamol,Safe to carry in personal-use quantities,FDA / DEA Guidelines,2026-07-20,"Medicine: Ibuprofen. Brand: Advil / Brufen. Generic: Ibuprofen. Country: USA. Status: Allowed. Regulation Type: OTC. Authority: FDA / DEA. Reason: No restriction, common NSAID. Alternatives: Paracetamol. Traveller Advice: Safe to carry in personal-use quantities."
Ibuprofen,Advil / Brufen,Ibuprofen,UK,Allowed,OTC,MHRA / Home Office,"No restriction, common NSAID",Paracetamol,Safe to carry in personal-use quantities,MHRA / Home Office Guidelines,2026-07-20,"Medicine: Ibuprofen. Brand: Advil / Brufen. Generic: Ibuprofen. Country: UK. Status: Allowed. Regulation Type: OTC. Authority: MHRA / Home Office. Reason: No restriction, common NSAID. Alternatives: Paracetamol. Traveller Advice: Safe to carry in personal-use quantities."
Ibuprofen,Advil / Brufen,Ibuprofen,Japan,Allowed,OTC,MHLW,"No restriction, common NSAID",Paracetamol,Safe to carry in personal-use quantities,MHLW Guidelines,2026-07-20,"Medicine: Ibuprofen. Brand: Advil / Brufen. Generic: Ibuprofen. Country: Japan. Status: Allowed. Regulation Type: OTC. Authority: MHLW. Reason: No restriction, common NSAID. Alternatives: Paracetamol. Traveller Advice: Safe to carry in personal-use quantities."
Ibuprofen,Advil / Brufen,Ibuprofen,UAE,Allowed,OTC,MOHAP,"No restriction, common NSAID",Paracetamol,Safe to carry in personal-use quantities,MOHAP Guidelines,2026-07-20,"Medicine: Ibuprofen. Brand: Advil / Brufen. Generic: Ibuprofen. Country: UAE. Status: Allowed. Regulation Type: OTC. Authority: MOHAP. Reason: No restriction, common NSAID. Alternatives: Paracetamol. Traveller Advice: Safe to carry in personal-use quantities."
Ibuprofen,Advil / Brufen,Ibuprofen,Singapore,Allowed,OTC,HSA,"No restriction, common NSAID",Paracetamol,Safe to carry in personal-use quantities,HSA Guidelines,2026-07-20,"Medicine: Ibuprofen. Brand: Advil / Brufen. Generic: Ibuprofen. Country: Singapore. Status: Allowed. Regulation Type: OTC. Authority: HSA. Reason: No restriction, common NSAID. Alternatives: Paracetamol. Traveller Advice: Safe to carry in personal-use quantities."
Ibuprofen,Advil / Brufen,Ibuprofen,Australia,Allowed,OTC,TGA,"No restriction, common NSAID",Paracetamol,Safe to carry in personal-use quantities,TGA Guidelines,2026-07-20,"Medicine: Ibuprofen. Brand: Advil / Brufen. Generic: Ibuprofen. Country: Australia. Status: Allowed. Regulation Type: OTC. Authority: TGA. Reason: No restriction, common NSAID. Alternatives: Paracetamol. Traveller Advice: Safe to carry in personal-use quantities."
Ibuprofen,Advil / Brufen,Ibuprofen,Canada,Allowed,OTC,Health Canada,"No restriction, common NSAID",Paracetamol,Safe to carry in personal-use quantities,Health Canada Guidelines,2026-07-20,"Medicine: Ibuprofen. Brand: Advil / Brufen. Generic: Ibuprofen. Country: Canada. Status: Allowed. Regulation Type: OTC. Authority: Health Canada. Reason: No restriction, common NSAID. Alternatives: Paracetamol. Traveller Advice: Safe to carry in personal-use quantities."
Ibuprofen,Advil / Brufen,Ibuprofen,Germany,Allowed,OTC,BfArM,"No restriction, common NSAID",Paracetamol,Safe to carry in personal-use quantities,BfArM Guidelines,2026-07-20,"Medicine: Ibuprofen. Brand: Advil / Brufen. Generic: Ibuprofen. Country: Germany. Status: Allowed. Regulation Type: OTC. Authority: BfArM. Reason: No restriction, common NSAID. Alternatives: Paracetamol. Traveller Advice: Safe to carry in personal-use quantities."
Ibuprofen,Advil / Brufen,Ibuprofen,France,Allowed,OTC,ANSM,"No restriction, common NSAID",Paracetamol,Safe to carry in personal-use quantities,ANSM Guidelines,2026-07-20,"Medicine: Ibuprofen. Brand: Advil / Brufen. Generic: Ibuprofen. Country: France. Status: Allowed. Regulation Type: OTC. Authority: ANSM. Reason: No restriction, common NSAID. Alternatives: Paracetamol. Traveller Advice: Safe to carry in personal-use quantities."
Aspirin,Disprin / Ecosprin,Acetylsalicylic Acid,India,Allowed,OTC,CDSCO,"No restriction, common analgesic",Paracetamol,Safe to carry in personal-use quantities,CDSCO Guidelines,2026-07-20,"Medicine: Aspirin. Brand: Disprin / Ecosprin. Generic: Acetylsalicylic Acid. Country: India. Status: Allowed. Regulation Type: OTC. Authority: CDSCO. Reason: No restriction, common analgesic. Alternatives: Paracetamol. Traveller Advice: Safe to carry in personal-use quantities."
Aspirin,Disprin / Ecosprin,Acetylsalicylic Acid,USA,Allowed,OTC,FDA / DEA,"No restriction, common analgesic",Paracetamol,Safe to carry in personal-use quantities,FDA / DEA Guidelines,2026-07-20,"Medicine: Aspirin. Brand: Disprin / Ecosprin. Generic: Acetylsalicylic Acid. Country: USA. Status: Allowed. Regulation Type: OTC. Authority: FDA / DEA. Reason: No restriction, common analgesic. Alternatives: Paracetamol. Traveller Advice: Safe to carry in personal-use quantities."
Aspirin,Disprin / Ecosprin,Acetylsalicylic Acid,UK,Allowed,OTC,MHRA / Home Office,"No restriction, common analgesic",Paracetamol,Safe to carry in personal-use quantities,MHRA / Home Office Guidelines,2026-07-20,"Medicine: Aspirin. Brand: Disprin / Ecosprin. Generic: Acetylsalicylic Acid. Country: UK. Status: Allowed. Regulation Type: OTC. Authority: MHRA / Home Office. Reason: No restriction, common analgesic. Alternatives: Paracetamol. Traveller Advice: Safe to carry in personal-use quantities."
Aspirin,Disprin / Ecosprin,Acetylsalicylic Acid,Japan,Allowed,OTC,MHLW,"No restriction, common analgesic",Paracetamol,Safe to carry in personal-use quantities,MHLW Guidelines,2026-07-20,"Medicine: Aspirin. Brand: Disprin / Ecosprin. Generic: Acetylsalicylic Acid. Country: Japan. Status: Allowed. Regulation Type: OTC. Authority: MHLW. Reason: No restriction, common analgesic. Alternatives: Paracetamol. Traveller Advice: Safe to carry in personal-use quantities."
Aspirin,Disprin / Ecosprin,Acetylsalicylic Acid,UAE,Allowed,OTC,MOHAP,"No restriction, common analgesic",Paracetamol,Safe to carry in personal-use quantities,MOHAP Guidelines,2026-07-20,"Medicine: Aspirin. Brand: Disprin / Ecosprin. Generic: Acetylsalicylic Acid. Country: UAE. Status: Allowed. Regulation Type: OTC. Authority: MOHAP. Reason: No restriction, common analgesic. Alternatives: Paracetamol. Traveller Advice: Safe to carry in personal-use quantities."
Aspirin,Disprin / Ecosprin,Acetylsalicylic Acid,Singapore,Allowed,OTC,HSA,"No restriction, common analgesic",Paracetamol,Safe to carry in personal-use quantities,HSA Guidelines,2026-07-20,"Medicine: Aspirin. Brand: Disprin / Ecosprin. Generic: Acetylsalicylic Acid. Country: Singapore. Status: Allowed. Regulation Type: OTC. Authority: HSA. Reason: No restriction, common analgesic. Alternatives: Paracetamol. Traveller Advice: Safe to carry in personal-use quantities."
Aspirin,Disprin / Ecosprin,Acetylsalicylic Acid,Australia,Allowed,OTC,TGA,"No restriction, common analgesic",Paracetamol,Safe to carry in personal-use quantities,TGA Guidelines,2026-07-20,"Medicine: Aspirin. Brand: Disprin / Ecosprin. Generic: Acetylsalicylic Acid. Country: Australia. Status: Allowed. Regulation Type: OTC. Authority: TGA. Reason: No restriction, common analgesic. Alternatives: Paracetamol. Traveller Advice: Safe to carry in personal-use quantities."
Aspirin,Disprin / Ecosprin,Acetylsalicylic Acid,Canada,Allowed,OTC,Health Canada,"No restriction, common analgesic",Paracetamol,Safe to carry in personal-use quantities,Health Canada Guidelines,2026-07-20,"Medicine: Aspirin. Brand: Disprin / Ecosprin. Generic: Acetylsalicylic Acid. Country: Canada. Status: Allowed. Regulation Type: OTC. Authority: Health Canada. Reason: No restriction, common analgesic. Alternatives: Paracetamol. Traveller Advice: Safe to carry in personal-use quantities."
Aspirin,Disprin / Ecosprin,Acetylsalicylic Acid,Germany,Allowed,OTC,BfArM,"No restriction, common analgesic",Paracetamol,Safe to carry in personal-use quantities,BfArM Guidelines,2026-07-20,"Medicine: Aspirin. Brand: Disprin / Ecosprin. Generic: Acetylsalicylic Acid. Country: Germany. Status: Allowed. Regulation Type: OTC. Authority: BfArM. Reason: No restriction, common analgesic. Alternatives: Paracetamol. Traveller Advice: Safe to carry in personal-use quantities."
Aspirin,Disprin / Ecosprin,Acetylsalicylic Acid,France,Allowed,OTC,ANSM,"No restriction, common analgesic",Paracetamol,Safe to carry in personal-use quantities,ANSM Guidelines,2026-07-20,"Medicine: Aspirin. Brand: Disprin / Ecosprin. Generic: Acetylsalicylic Acid. Country: France. Status: Allowed. Regulation Type: OTC. Authority: ANSM. Reason: No restriction, common analgesic. Alternatives: Paracetamol. Traveller Advice: Safe to carry in personal-use quantities."
Codeine,Codistar / Codeine Phosphate,Codeine Phosphate,India,Restricted,Controlled Substance,CDSCO,Opioid; classified as a controlled narcotic in most jurisdictions,"Ibuprofen, Paracetamol",Carry a valid prescription and declare at customs,CDSCO Guidelines,2026-07-20,"Medicine: Codeine. Brand: Codistar / Codeine Phosphate. Generic: Codeine Phosphate. Country: India. Status: Restricted. Regulation Type: Controlled Substance. Authority: CDSCO. Reason: Opioid; classified as a controlled narcotic in most jurisdictions. Alternatives: Ibuprofen, Paracetamol. Traveller Advice: Carry a valid prescription and declare at customs."
Codeine,Codistar / Codeine Phosphate,Codeine Phosphate,USA,Restricted,Controlled Substance,FDA / DEA,Opioid; classified as a controlled narcotic in most jurisdictions,"Ibuprofen, Paracetamol",Carry a valid prescription and declare at customs,FDA / DEA Guidelines,2026-07-20,"Medicine: Codeine. Brand: Codistar / Codeine Phosphate. Generic: Codeine Phosphate. Country: USA. Status: Restricted. Regulation Type: Controlled Substance. Authority: FDA / DEA. Reason: Opioid; classified as a controlled narcotic in most jurisdictions. Alternatives: Ibuprofen, Paracetamol. Traveller Advice: Carry a valid prescription and declare at customs."
Codeine,Codistar / Codeine Phosphate,Codeine Phosphate,UK,Allowed,OTC (low-dose combinations),MHRA / Home Office,Low-dose codeine combinations sold OTC; higher strength needs prescription,"Ibuprofen, Paracetamol",Carry prescription for higher-strength packs,MHRA / Home Office Guidelines,2026-07-20,"Medicine: Codeine. Brand: Codistar / Codeine Phosphate. Generic: Codeine Phosphate. Country: UK. Status: Allowed. Regulation Type: OTC (low-dose combinations). Authority: MHRA / Home Office. Reason: Low-dose codeine combinations sold OTC; higher strength needs prescription. Alternatives: Ibuprofen, Paracetamol. Traveller Advice: Carry prescription for higher-strength packs."
Codeine,Codistar / Codeine Phosphate,Codeine Phosphate,Japan,Restricted,Controlled Substance,MHLW,Narcotic and Psychotropic Control Law restricts import,"Ibuprofen, Paracetamol",Carry doctor's prescription and consider a Yakkan Shoumei import certificate,MHLW Guidelines,2026-07-20,"Medicine: Codeine. Brand: Codistar / Codeine Phosphate. Generic: Codeine Phosphate. Country: Japan. Status: Restricted. Regulation Type: Controlled Substance. Authority: MHLW. Reason: Narcotic and Psychotropic Control Law restricts import. Alternatives: Ibuprofen, Paracetamol. Traveller Advice: Carry doctor's prescription and consider a Yakkan Shoumei import certificate."
Codeine,Codistar / Codeine Phosphate,Codeine Phosphate,UAE,Banned,Banned,MOHAP,Zero-tolerance narcotics policy; even trace amounts can lead to prosecution,"Ibuprofen, Paracetamol",Do not carry without prior import permit from MOHAP,MOHAP Guidelines,2026-07-20,"Medicine: Codeine. Brand: Codistar / Codeine Phosphate. Generic: Codeine Phosphate. Country: UAE. Status: Banned. Regulation Type: Banned. Authority: MOHAP. Reason: Zero-tolerance narcotics policy; even trace amounts can lead to prosecution. Alternatives: Ibuprofen, Paracetamol. Traveller Advice: Do not carry without prior import permit from MOHAP."
Codeine,Codistar / Codeine Phosphate,Codeine Phosphate,Singapore,Restricted,Controlled Substance,HSA,Controlled under Misuse of Drugs Act,"Ibuprofen, Paracetamol",Carry prescription; quantity limits apply,HSA Guidelines,2026-07-20,"Medicine: Codeine. Brand: Codistar / Codeine Phosphate. Generic: Codeine Phosphate. Country: Singapore. Status: Restricted. Regulation Type: Controlled Substance. Authority: HSA. Reason: Controlled under Misuse of Drugs Act. Alternatives: Ibuprofen, Paracetamol. Traveller Advice: Carry prescription; quantity limits apply."
Codeine,Codistar / Codeine Phosphate,Codeine Phosphate,Australia,Restricted,Controlled Substance,TGA,Opioid; classified as a controlled narcotic in most jurisdictions,"Ibuprofen, Paracetamol",Carry a valid prescription and declare at customs,TGA Guidelines,2026-07-20,"Medicine: Codeine. Brand: Codistar / Codeine Phosphate. Generic: Codeine Phosphate. Country: Australia. Status: Restricted. Regulation Type: Controlled Substance. Authority: TGA. Reason: Opioid; classified as a controlled narcotic in most jurisdictions. Alternatives: Ibuprofen, Paracetamol. Traveller Advice: Carry a valid prescription and declare at customs."
Codeine,Codistar / Codeine Phosphate,Codeine Phosphate,Canada,Restricted,Controlled Substance,Health Canada,Opioid; classified as a controlled narcotic in most jurisdictions,"Ibuprofen, Paracetamol",Carry a valid prescription and declare at customs,Health Canada Guidelines,2026-07-20,"Medicine: Codeine. Brand: Codistar / Codeine Phosphate. Generic: Codeine Phosphate. Country: Canada. Status: Restricted. Regulation Type: Controlled Substance. Authority: Health Canada. Reason: Opioid; classified as a controlled narcotic in most jurisdictions. Alternatives: Ibuprofen, Paracetamol. Traveller Advice: Carry a valid prescription and declare at customs."
Codeine,Codistar / Codeine Phosphate,Codeine Phosphate,Germany,Restricted,Controlled Substance,BfArM,Opioid; classified as a controlled narcotic in most jurisdictions,"Ibuprofen, Paracetamol",Carry a valid prescription and declare at customs,BfArM Guidelines,2026-07-20,"Medicine: Codeine. Brand: Codistar / Codeine Phosphate. Generic: Codeine Phosphate. Country: Germany. Status: Restricted. Regulation Type: Controlled Substance. Authority: BfArM. Reason: Opioid; classified as a controlled narcotic in most jurisdictions. Alternatives: Ibuprofen, Paracetamol. Traveller Advice: Carry a valid prescription and declare at customs."
Codeine,Codistar / Codeine Phosphate,Codeine Phosphate,France,Restricted,Controlled Substance,ANSM,Opioid; classified as a controlled narcotic in most jurisdictions,"Ibuprofen, Paracetamol",Carry a valid prescription and declare at customs,ANSM Guidelines,2026-07-20,"Medicine: Codeine. Brand: Codistar / Codeine Phosphate. Generic: Codeine Phosphate. Country: France. Status: Restricted. Regulation Type: Controlled Substance. Authority: ANSM. Reason: Opioid; classified as a controlled narcotic in most jurisdictions. Alternatives: Ibuprofen, Paracetamol. Traveller Advice: Carry a valid prescription and declare at customs."
Tramadol,Ultram / Contramal,Tramadol Hydrochloride,India,Restricted,Controlled Substance,CDSCO,"Opioid-like analgesic, controlled in many countries","Paracetamol, Ibuprofen",Carry prescription; check import limits,CDSCO Guidelines,2026-07-20,"Medicine: Tramadol. Brand: Ultram / Contramal. Generic: Tramadol Hydrochloride. Country: India. Status: Restricted. Regulation Type: Controlled Substance. Authority: CDSCO. Reason: Opioid-like analgesic, controlled in many countries. Alternatives: Paracetamol, Ibuprofen. Traveller Advice: Carry prescription; check import limits."
Tramadol,Ultram / Contramal,Tramadol Hydrochloride,USA,Restricted,Controlled Substance,FDA / DEA,"Opioid-like analgesic, controlled in many countries","Paracetamol, Ibuprofen",Carry prescription; check import limits,FDA / DEA Guidelines,2026-07-20,"Medicine: Tramadol. Brand: Ultram / Contramal. Generic: Tramadol Hydrochloride. Country: USA. Status: Restricted. Regulation Type: Controlled Substance. Authority: FDA / DEA. Reason: Opioid-like analgesic, controlled in many countries. Alternatives: Paracetamol, Ibuprofen. Traveller Advice: Carry prescription; check import limits."
Tramadol,Ultram / Contramal,Tramadol Hydrochloride,UK,Restricted,Controlled Substance,MHRA / Home Office,"Opioid-like analgesic, controlled in many countries","Paracetamol, Ibuprofen",Carry prescription; check import limits,MHRA / Home Office Guidelines,2026-07-20,"Medicine: Tramadol. Brand: Ultram / Contramal. Generic: Tramadol Hydrochloride. Country: UK. Status: Restricted. Regulation Type: Controlled Substance. Authority: MHRA / Home Office. Reason: Opioid-like analgesic, controlled in many countries. Alternatives: Paracetamol, Ibuprofen. Traveller Advice: Carry prescription; check import limits."
Tramadol,Ultram / Contramal,Tramadol Hydrochloride,Japan,Restricted,Controlled Substance,MHLW,Controlled under narcotics regulation,"Paracetamol, Ibuprofen",Carry prescription and consider Yakkan Shoumei,MHLW Guidelines,2026-07-20,"Medicine: Tramadol. Brand: Ultram / Contramal. Generic: Tramadol Hydrochloride. Country: Japan. Status: Restricted. Regulation Type: Controlled Substance. Authority: MHLW. Reason: Controlled under narcotics regulation. Alternatives: Paracetamol, Ibuprofen. Traveller Advice: Carry prescription and consider Yakkan Shoumei."
Tramadol,Ultram / Contramal,Tramadol Hydrochloride,UAE,Banned,Banned,MOHAP,Considered a controlled narcotic; entry without permit is a criminal offence,"Paracetamol, Ibuprofen",Obtain MOHAP import permit before travel,MOHAP Guidelines,2026-07-20,"Medicine: Tramadol. Brand: Ultram / Contramal. Generic: Tramadol Hydrochloride. Country: UAE. Status: Banned. Regulation Type: Banned. Authority: MOHAP. Reason: Considered a controlled narcotic; entry without permit is a criminal offence. Alternatives: Paracetamol, Ibuprofen. Traveller Advice: Obtain MOHAP import permit before travel."
Tramadol,Ultram / Contramal,Tramadol Hydrochloride,Singapore,Restricted,Controlled Substance,HSA,"Opioid-like analgesic, controlled in many countries","Paracetamol, Ibuprofen",Carry prescription; check import limits,HSA Guidelines,2026-07-20,"Medicine: Tramadol. Brand: Ultram / Contramal. Generic: Tramadol Hydrochloride. Country: Singapore. Status: Restricted. Regulation Type: Controlled Substance. Authority: HSA. Reason: Opioid-like analgesic, controlled in many countries. Alternatives: Paracetamol, Ibuprofen. Traveller Advice: Carry prescription; check import limits."
Tramadol,Ultram / Contramal,Tramadol Hydrochloride,Australia,Restricted,Controlled Substance,TGA,"Opioid-like analgesic, controlled in many countries","Paracetamol, Ibuprofen",Carry prescription; check import limits,TGA Guidelines,2026-07-20,"Medicine: Tramadol. Brand: Ultram / Contramal. Generic: Tramadol Hydrochloride. Country: Australia. Status: Restricted. Regulation Type: Controlled Substance. Authority: TGA. Reason: Opioid-like analgesic, controlled in many countries. Alternatives: Paracetamol, Ibuprofen. Traveller Advice: Carry prescription; check import limits."
Tramadol,Ultram / Contramal,Tramadol Hydrochloride,Canada,Restricted,Controlled Substance,Health Canada,"Opioid-like analgesic, controlled in many countries","Paracetamol, Ibuprofen",Carry prescription; check import limits,Health Canada Guidelines,2026-07-20,"Medicine: Tramadol. Brand: Ultram / Contramal. Generic: Tramadol Hydrochloride. Country: Canada. Status: Restricted. Regulation Type: Controlled Substance. Authority: Health Canada. Reason: Opioid-like analgesic, controlled in many countries. Alternatives: Paracetamol, Ibuprofen. Traveller Advice: Carry prescription; check import limits."
Tramadol,Ultram / Contramal,Tramadol Hydrochloride,Germany,Restricted,Controlled Substance,BfArM,"Opioid-like analgesic, controlled in many countries","Paracetamol, Ibuprofen",Carry prescription; check import limits,BfArM Guidelines,2026-07-20,"Medicine: Tramadol. Brand: Ultram / Contramal. Generic: Tramadol Hydrochloride. Country: Germany. Status: Restricted. Regulation Type: Controlled Substance. Authority: BfArM. Reason: Opioid-like analgesic, controlled in many countries. Alternatives: Paracetamol, Ibuprofen. Traveller Advice: Carry prescription; check import limits."
Tramadol,Ultram / Contramal,Tramadol Hydrochloride,France,Restricted,Controlled Substance,ANSM,"Opioid-like analgesic, controlled in many countries","Paracetamol, Ibuprofen",Carry prescription; check import limits,ANSM Guidelines,2026-07-20,"Medicine: Tramadol. Brand: Ultram / Contramal. Generic: Tramadol Hydrochloride. Country: France. Status: Restricted. Regulation Type: Controlled Substance. Authority: ANSM. Reason: Opioid-like analgesic, controlled in many countries. Alternatives: Paracetamol, Ibuprofen. Traveller Advice: Carry prescription; check import limits."
Morphine,MST Continus,Morphine Sulphate,India,Restricted,Controlled Substance,CDSCO,"Strong opioid, internationally controlled narcotic",Paracetamol (for mild pain),Carry prescription and medical certificate; declare at customs,CDSCO Guidelines,2026-07-20,"Medicine: Morphine. Brand: MST Continus. Generic: Morphine Sulphate. Country: India. Status: Restricted. Regulation Type: Controlled Substance. Authority: CDSCO. Reason: Strong opioid, internationally controlled narcotic. Alternatives: Paracetamol (for mild pain). Traveller Advice: Carry prescription and medical certificate; declare at customs."
Morphine,MST Continus,Morphine Sulphate,USA,Restricted,Controlled Substance,FDA / DEA,"Strong opioid, internationally controlled narcotic",Paracetamol (for mild pain),Carry prescription and medical certificate; declare at customs,FDA / DEA Guidelines,2026-07-20,"Medicine: Morphine. Brand: MST Continus. Generic: Morphine Sulphate. Country: USA. Status: Restricted. Regulation Type: Controlled Substance. Authority: FDA / DEA. Reason: Strong opioid, internationally controlled narcotic. Alternatives: Paracetamol (for mild pain). Traveller Advice: Carry prescription and medical certificate; declare at customs."
Morphine,MST Continus,Morphine Sulphate,UK,Restricted,Controlled Substance,MHRA / Home Office,"Strong opioid, internationally controlled narcotic",Paracetamol (for mild pain),Carry prescription and medical certificate; declare at customs,MHRA / Home Office Guidelines,2026-07-20,"Medicine: Morphine. Brand: MST Continus. Generic: Morphine Sulphate. Country: UK. Status: Restricted. Regulation Type: Controlled Substance. Authority: MHRA / Home Office. Reason: Strong opioid, internationally controlled narcotic. Alternatives: Paracetamol (for mild pain). Traveller Advice: Carry prescription and medical certificate; declare at customs."
Morphine,MST Continus,Morphine Sulphate,Japan,Restricted,Controlled Substance,MHLW,"Strong opioid, internationally controlled narcotic",Paracetamol (for mild pain),Carry prescription and medical certificate; declare at customs,MHLW Guidelines,2026-07-20,"Medicine: Morphine. Brand: MST Continus. Generic: Morphine Sulphate. Country: Japan. Status: Restricted. Regulation Type: Controlled Substance. Authority: MHLW. Reason: Strong opioid, internationally controlled narcotic. Alternatives: Paracetamol (for mild pain). Traveller Advice: Carry prescription and medical certificate; declare at customs."
Morphine,MST Continus,Morphine Sulphate,UAE,Banned,Banned,MOHAP,Strictly banned without prior government approval,Paracetamol (for mild pain),Apply for import permit well in advance,MOHAP Guidelines,2026-07-20,Medicine: Morphine. Brand: MST Continus. Generic: Morphine Sulphate. Country: UAE. Status: Banned. Regulation Type: Banned. Authority: MOHAP. Reason: Strictly banned without prior government approval. Alternatives: Paracetamol (for mild pain). Traveller Advice: Apply for import permit well in advance.
Morphine,MST Continus,Morphine Sulphate,Singapore,Restricted,Controlled Substance,HSA,"Strong opioid, internationally controlled narcotic",Paracetamol (for mild pain),Carry prescription and medical certificate; declare at customs,HSA Guidelines,2026-07-20,"Medicine: Morphine. Brand: MST Continus. Generic: Morphine Sulphate. Country: Singapore. Status: Restricted. Regulation Type: Controlled Substance. Authority: HSA. Reason: Strong opioid, internationally controlled narcotic. Alternatives: Paracetamol (for mild pain). Traveller Advice: Carry prescription and medical certificate; declare at customs."
Morphine,MST Continus,Morphine Sulphate,Australia,Restricted,Controlled Substance,TGA,"Strong opioid, internationally controlled narcotic",Paracetamol (for mild pain),Carry prescription and medical certificate; declare at customs,TGA Guidelines,2026-07-20,"Medicine: Morphine. Brand: MST Continus. Generic: Morphine Sulphate. Country: Australia. Status: Restricted. Regulation Type: Controlled Substance. Authority: TGA. Reason: Strong opioid, internationally controlled narcotic. Alternatives: Paracetamol (for mild pain). Traveller Advice: Carry prescription and medical certificate; declare at customs."
Morphine,MST Continus,Morphine Sulphate,Canada,Restricted,Controlled Substance,Health Canada,"Strong opioid, internationally controlled narcotic",Paracetamol (for mild pain),Carry prescription and medical certificate; declare at customs,Health Canada Guidelines,2026-07-20,"Medicine: Morphine. Brand: MST Continus. Generic: Morphine Sulphate. Country: Canada. Status: Restricted. Regulation Type: Controlled Substance. Authority: Health Canada. Reason: Strong opioid, internationally controlled narcotic. Alternatives: Paracetamol (for mild pain). Traveller Advice: Carry prescription and medical certificate; declare at customs."
Morphine,MST Continus,Morphine Sulphate,Germany,Restricted,Controlled Substance,BfArM,"Strong opioid, internationally controlled narcotic",Paracetamol (for mild pain),Carry prescription and medical certificate; declare at customs,BfArM Guidelines,2026-07-20,"Medicine: Morphine. Brand: MST Continus. Generic: Morphine Sulphate. Country: Germany. Status: Restricted. Regulation Type: Controlled Substance. Authority: BfArM. Reason: Strong opioid, internationally controlled narcotic. Alternatives: Paracetamol (for mild pain). Traveller Advice: Carry prescription and medical certificate; declare at customs."
Morphine,MST Continus,Morphine Sulphate,France,Restricted,Controlled Substance,ANSM,"Strong opioid, internationally controlled narcotic",Paracetamol (for mild pain),Carry prescription and medical certificate; declare at customs,ANSM Guidelines,2026-07-20,"Medicine: Morphine. Brand: MST Continus. Generic: Morphine Sulphate. Country: France. Status: Restricted. Regulation Type: Controlled Substance. Authority: ANSM. Reason: Strong opioid, internationally controlled narcotic. Alternatives: Paracetamol (for mild pain). Traveller Advice: Carry prescription and medical certificate; declare at customs."
Oxycodone,OxyContin,Oxycodone Hydrochloride,India,Restricted,Controlled Substance,CDSCO,"Strong opioid, controlled substance",Paracetamol (for mild pain),Carry prescription and doctor's letter,CDSCO Guidelines,2026-07-20,"Medicine: Oxycodone. Brand: OxyContin. Generic: Oxycodone Hydrochloride. Country: India. Status: Restricted. Regulation Type: Controlled Substance. Authority: CDSCO. Reason: Strong opioid, controlled substance. Alternatives: Paracetamol (for mild pain). Traveller Advice: Carry prescription and doctor's letter."
Oxycodone,OxyContin,Oxycodone Hydrochloride,USA,Restricted,Controlled Substance,FDA / DEA,"Strong opioid, controlled substance",Paracetamol (for mild pain),Carry prescription and doctor's letter,FDA / DEA Guidelines,2026-07-20,"Medicine: Oxycodone. Brand: OxyContin. Generic: Oxycodone Hydrochloride. Country: USA. Status: Restricted. Regulation Type: Controlled Substance. Authority: FDA / DEA. Reason: Strong opioid, controlled substance. Alternatives: Paracetamol (for mild pain). Traveller Advice: Carry prescription and doctor's letter."
Oxycodone,OxyContin,Oxycodone Hydrochloride,UK,Restricted,Controlled Substance,MHRA / Home Office,"Strong opioid, controlled substance",Paracetamol (for mild pain),Carry prescription and doctor's letter,MHRA / Home Office Guidelines,2026-07-20,"Medicine: Oxycodone. Brand: OxyContin. Generic: Oxycodone Hydrochloride. Country: UK. Status: Restricted. Regulation Type: Controlled Substance. Authority: MHRA / Home Office. Reason: Strong opioid, controlled substance. Alternatives: Paracetamol (for mild pain). Traveller Advice: Carry prescription and doctor's letter."
Oxycodone,OxyContin,Oxycodone Hydrochloride,Japan,Restricted,Controlled Substance,MHLW,Narcotics law restricts import,Paracetamol (for mild pain),Carry prescription and Yakkan Shoumei,MHLW Guidelines,2026-07-20,Medicine: Oxycodone. Brand: OxyContin. Generic: Oxycodone Hydrochloride. Country: Japan. Status: Restricted. Regulation Type: Controlled Substance. Authority: MHLW. Reason: Narcotics law restricts import. Alternatives: Paracetamol (for mild pain). Traveller Advice: Carry prescription and Yakkan Shoumei.
Oxycodone,OxyContin,Oxycodone Hydrochloride,UAE,Banned,Banned,MOHAP,Banned narcotic without special permit,Paracetamol (for mild pain),Apply for import permit via MOHAP,MOHAP Guidelines,2026-07-20,Medicine: Oxycodone. Brand: OxyContin. Generic: Oxycodone Hydrochloride. Country: UAE. Status: Banned. Regulation Type: Banned. Authority: MOHAP. Reason: Banned narcotic without special permit. Alternatives: Paracetamol (for mild pain). Traveller Advice: Apply for import permit via MOHAP.
Oxycodone,OxyContin,Oxycodone Hydrochloride,Singapore,Restricted,Controlled Substance,HSA,"Strong opioid, controlled substance",Paracetamol (for mild pain),Carry prescription and doctor's letter,HSA Guidelines,2026-07-20,"Medicine: Oxycodone. Brand: OxyContin. Generic: Oxycodone Hydrochloride. Country: Singapore. Status: Restricted. Regulation Type: Controlled Substance. Authority: HSA. Reason: Strong opioid, controlled substance. Alternatives: Paracetamol (for mild pain). Traveller Advice: Carry prescription and doctor's letter."
Oxycodone,OxyContin,Oxycodone Hydrochloride,Australia,Restricted,Controlled Substance,TGA,"Strong opioid, controlled substance",Paracetamol (for mild pain),Carry prescription and doctor's letter,TGA Guidelines,2026-07-20,"Medicine: Oxycodone. Brand: OxyContin. Generic: Oxycodone Hydrochloride. Country: Australia. Status: Restricted. Regulation Type: Controlled Substance. Authority: TGA. Reason: Strong opioid, controlled substance. Alternatives: Paracetamol (for mild pain). Traveller Advice: Carry prescription and doctor's letter."
Oxycodone,OxyContin,Oxycodone Hydrochloride,Canada,Restricted,Controlled Substance,Health Canada,"Strong opioid, controlled substance",Paracetamol (for mild pain),Carry prescription and doctor's letter,Health Canada Guidelines,2026-07-20,"Medicine: Oxycodone. Brand: OxyContin. Generic: Oxycodone Hydrochloride. Country: Canada. Status: Restricted. Regulation Type: Controlled Substance. Authority: Health Canada. Reason: Strong opioid, controlled substance. Alternatives: Paracetamol (for mild pain). Traveller Advice: Carry prescription and doctor's letter."
Oxycodone,OxyContin,Oxycodone Hydrochloride,Germany,Restricted,Controlled Substance,BfArM,"Strong opioid, controlled substance",Paracetamol (for mild pain),Carry prescription and doctor's letter,BfArM Guidelines,2026-07-20,"Medicine: Oxycodone. Brand: OxyContin. Generic: Oxycodone Hydrochloride. Country: Germany. Status: Restricted. Regulation Type: Controlled Substance. Authority: BfArM. Reason: Strong opioid, controlled substance. Alternatives: Paracetamol (for mild pain). Traveller Advice: Carry prescription and doctor's letter."
Oxycodone,OxyContin,Oxycodone Hydrochloride,France,Restricted,Controlled Substance,ANSM,"Strong opioid, controlled substance",Paracetamol (for mild pain),Carry prescription and doctor's letter,ANSM Guidelines,2026-07-20,"Medicine: Oxycodone. Brand: OxyContin. Generic: Oxycodone Hydrochloride. Country: France. Status: Restricted. Regulation Type: Controlled Substance. Authority: ANSM. Reason: Strong opioid, controlled substance. Alternatives: Paracetamol (for mild pain). Traveller Advice: Carry prescription and doctor's letter."
Diazepam,Valium,Diazepam,India,Restricted,Controlled Substance,CDSCO,"Benzodiazepine, psychotropic substance under international control",Non-drug relaxation techniques,Carry prescription; check import quantity limits,CDSCO Guidelines,2026-07-20,"Medicine: Diazepam. Brand: Valium. Generic: Diazepam. Country: India. Status: Restricted. Regulation Type: Controlled Substance. Authority: CDSCO. Reason: Benzodiazepine, psychotropic substance under international control. Alternatives: Non-drug relaxation techniques. Traveller Advice: Carry prescription; check import quantity limits."
Diazepam,Valium,Diazepam,USA,Restricted,Controlled Substance,FDA / DEA,"Benzodiazepine, psychotropic substance under international control",Non-drug relaxation techniques,Carry prescription; check import quantity limits,FDA / DEA Guidelines,2026-07-20,"Medicine: Diazepam. Brand: Valium. Generic: Diazepam. Country: USA. Status: Restricted. Regulation Type: Controlled Substance. Authority: FDA / DEA. Reason: Benzodiazepine, psychotropic substance under international control. Alternatives: Non-drug relaxation techniques. Traveller Advice: Carry prescription; check import quantity limits."
Diazepam,Valium,Diazepam,UK,Restricted,Controlled Substance,MHRA / Home Office,"Benzodiazepine, psychotropic substance under international control",Non-drug relaxation techniques,Carry prescription; check import quantity limits,MHRA / Home Office Guidelines,2026-07-20,"Medicine: Diazepam. Brand: Valium. Generic: Diazepam. Country: UK. Status: Restricted. Regulation Type: Controlled Substance. Authority: MHRA / Home Office. Reason: Benzodiazepine, psychotropic substance under international control. Alternatives: Non-drug relaxation techniques. Traveller Advice: Carry prescription; check import quantity limits."
Diazepam,Valium,Diazepam,Japan,Restricted,Controlled Substance,MHLW,Regulated under Psychotropic Substances Control Law,Non-drug relaxation techniques,Carry prescription and Yakkan Shoumei for larger quantities,MHLW Guidelines,2026-07-20,Medicine: Diazepam. Brand: Valium. Generic: Diazepam. Country: Japan. Status: Restricted. Regulation Type: Controlled Substance. Authority: MHLW. Reason: Regulated under Psychotropic Substances Control Law. Alternatives: Non-drug relaxation techniques. Traveller Advice: Carry prescription and Yakkan Shoumei for larger quantities.
Diazepam,Valium,Diazepam,UAE,Restricted,Controlled Substance,MOHAP,Controlled psychotropic; import permit generally required,Non-drug relaxation techniques,Apply for MOHAP permit and carry prescription,MOHAP Guidelines,2026-07-20,Medicine: Diazepam. Brand: Valium. Generic: Diazepam. Country: UAE. Status: Restricted. Regulation Type: Controlled Substance. Authority: MOHAP. Reason: Controlled psychotropic; import permit generally required. Alternatives: Non-drug relaxation techniques. Traveller Advice: Apply for MOHAP permit and carry prescription.
Diazepam,Valium,Diazepam,Singapore,Restricted,Controlled Substance,HSA,"Benzodiazepine, psychotropic substance under international control",Non-drug relaxation techniques,Carry prescription; check import quantity limits,HSA Guidelines,2026-07-20,"Medicine: Diazepam. Brand: Valium. Generic: Diazepam. Country: Singapore. Status: Restricted. Regulation Type: Controlled Substance. Authority: HSA. Reason: Benzodiazepine, psychotropic substance under international control. Alternatives: Non-drug relaxation techniques. Traveller Advice: Carry prescription; check import quantity limits."
Diazepam,Valium,Diazepam,Australia,Restricted,Controlled Substance,TGA,"Benzodiazepine, psychotropic substance under international control",Non-drug relaxation techniques,Carry prescription; check import quantity limits,TGA Guidelines,2026-07-20,"Medicine: Diazepam. Brand: Valium. Generic: Diazepam. Country: Australia. Status: Restricted. Regulation Type: Controlled Substance. Authority: TGA. Reason: Benzodiazepine, psychotropic substance under international control. Alternatives: Non-drug relaxation techniques. Traveller Advice: Carry prescription; check import quantity limits."
Diazepam,Valium,Diazepam,Canada,Restricted,Controlled Substance,Health Canada,"Benzodiazepine, psychotropic substance under international control",Non-drug relaxation techniques,Carry prescription; check import quantity limits,Health Canada Guidelines,2026-07-20,"Medicine: Diazepam. Brand: Valium. Generic: Diazepam. Country: Canada. Status: Restricted. Regulation Type: Controlled Substance. Authority: Health Canada. Reason: Benzodiazepine, psychotropic substance under international control. Alternatives: Non-drug relaxation techniques. Traveller Advice: Carry prescription; check import quantity limits."
Diazepam,Valium,Diazepam,Germany,Restricted,Controlled Substance,BfArM,"Benzodiazepine, psychotropic substance under international control",Non-drug relaxation techniques,Carry prescription; check import quantity limits,BfArM Guidelines,2026-07-20,"Medicine: Diazepam. Brand: Valium. Generic: Diazepam. Country: Germany. Status: Restricted. Regulation Type: Controlled Substance. Authority: BfArM. Reason: Benzodiazepine, psychotropic substance under international control. Alternatives: Non-drug relaxation techniques. Traveller Advice: Carry prescription; check import quantity limits."
Diazepam,Valium,Diazepam,France,Restricted,Controlled Substance,ANSM,"Benzodiazepine, psychotropic substance under international control",Non-drug relaxation techniques,Carry prescription; check import quantity limits,ANSM Guidelines,2026-07-20,"Medicine: Diazepam. Brand: Valium. Generic: Diazepam. Country: France. Status: Restricted. Regulation Type: Controlled Substance. Authority: ANSM. Reason: Benzodiazepine, psychotropic substance under international control. Alternatives: Non-drug relaxation techniques. Traveller Advice: Carry prescription; check import quantity limits."
Alprazolam,Xanax,Alprazolam,India,Restricted,Controlled Substance,CDSCO,"Benzodiazepine, controlled psychotropic substance",Non-drug relaxation techniques,Carry prescription; check import quantity limits,CDSCO Guidelines,2026-07-20,"Medicine: Alprazolam. Brand: Xanax. Generic: Alprazolam. Country: India. Status: Restricted. Regulation Type: Controlled Substance. Authority: CDSCO. Reason: Benzodiazepine, controlled psychotropic substance. Alternatives: Non-drug relaxation techniques. Traveller Advice: Carry prescription; check import quantity limits."
Alprazolam,Xanax,Alprazolam,USA,Restricted,Controlled Substance,FDA / DEA,"Benzodiazepine, controlled psychotropic substance",Non-drug relaxation techniques,Carry prescription; check import quantity limits,FDA / DEA Guidelines,2026-07-20,"Medicine: Alprazolam. Brand: Xanax. Generic: Alprazolam. Country: USA. Status: Restricted. Regulation Type: Controlled Substance. Authority: FDA / DEA. Reason: Benzodiazepine, controlled psychotropic substance. Alternatives: Non-drug relaxation techniques. Traveller Advice: Carry prescription; check import quantity limits."
Alprazolam,Xanax,Alprazolam,UK,Restricted,Controlled Substance,MHRA / Home Office,"Benzodiazepine, controlled psychotropic substance",Non-drug relaxation techniques,Carry prescription; check import quantity limits,MHRA / Home Office Guidelines,2026-07-20,"Medicine: Alprazolam. Brand: Xanax. Generic: Alprazolam. Country: UK. Status: Restricted. Regulation Type: Controlled Substance. Authority: MHRA / Home Office. Reason: Benzodiazepine, controlled psychotropic substance. Alternatives: Non-drug relaxation techniques. Traveller Advice: Carry prescription; check import quantity limits."
Alprazolam,Xanax,Alprazolam,Japan,Restricted,Controlled Substance,MHLW,Regulated under Psychotropic Substances Control Law,Non-drug relaxation techniques,Carry prescription and Yakkan Shoumei,MHLW Guidelines,2026-07-20,Medicine: Alprazolam. Brand: Xanax. Generic: Alprazolam. Country: Japan. Status: Restricted. Regulation Type: Controlled Substance. Authority: MHLW. Reason: Regulated under Psychotropic Substances Control Law. Alternatives: Non-drug relaxation techniques. Traveller Advice: Carry prescription and Yakkan Shoumei.
Alprazolam,Xanax,Alprazolam,UAE,Banned,Banned,MOHAP,Treated as a controlled narcotic; strict entry rules,Non-drug relaxation techniques,Apply for import permit before travel,MOHAP Guidelines,2026-07-20,Medicine: Alprazolam. Brand: Xanax. Generic: Alprazolam. Country: UAE. Status: Banned. Regulation Type: Banned. Authority: MOHAP. Reason: Treated as a controlled narcotic; strict entry rules. Alternatives: Non-drug relaxation techniques. Traveller Advice: Apply for import permit before travel.
Alprazolam,Xanax,Alprazolam,Singapore,Restricted,Controlled Substance,HSA,Controlled under Misuse of Drugs Act,Non-drug relaxation techniques,Carry prescription; quantity limits apply,HSA Guidelines,2026-07-20,Medicine: Alprazolam. Brand: Xanax. Generic: Alprazolam. Country: Singapore. Status: Restricted. Regulation Type: Controlled Substance. Authority: HSA. Reason: Controlled under Misuse of Drugs Act. Alternatives: Non-drug relaxation techniques. Traveller Advice: Carry prescription; quantity limits apply.
Alprazolam,Xanax,Alprazolam,Australia,Restricted,Controlled Substance,TGA,"Benzodiazepine, controlled psychotropic substance",Non-drug relaxation techniques,Carry prescription; check import quantity limits,TGA Guidelines,2026-07-20,"Medicine: Alprazolam. Brand: Xanax. Generic: Alprazolam. Country: Australia. Status: Restricted. Regulation Type: Controlled Substance. Authority: TGA. Reason: Benzodiazepine, controlled psychotropic substance. Alternatives: Non-drug relaxation techniques. Traveller Advice: Carry prescription; check import quantity limits."
Alprazolam,Xanax,Alprazolam,Canada,Restricted,Controlled Substance,Health Canada,"Benzodiazepine, controlled psychotropic substance",Non-drug relaxation techniques,Carry prescription; check import quantity limits,Health Canada Guidelines,2026-07-20,"Medicine: Alprazolam. Brand: Xanax. Generic: Alprazolam. Country: Canada. Status: Restricted. Regulation Type: Controlled Substance. Authority: Health Canada. Reason: Benzodiazepine, controlled psychotropic substance. Alternatives: Non-drug relaxation techniques. Traveller Advice: Carry prescription; check import quantity limits."
Alprazolam,Xanax,Alprazolam,Germany,Restricted,Controlled Substance,BfArM,"Benzodiazepine, controlled psychotropic substance",Non-drug relaxation techniques,Carry prescription; check import quantity limits,BfArM Guidelines,2026-07-20,"Medicine: Alprazolam. Brand: Xanax. Generic: Alprazolam. Country: Germany. Status: Restricted. Regulation Type: Controlled Substance. Authority: BfArM. Reason: Benzodiazepine, controlled psychotropic substance. Alternatives: Non-drug relaxation techniques. Traveller Advice: Carry prescription; check import quantity limits."
Alprazolam,Xanax,Alprazolam,France,Restricted,Controlled Substance,ANSM,"Benzodiazepine, controlled psychotropic substance",Non-drug relaxation techniques,Carry prescription; check import quantity limits,ANSM Guidelines,2026-07-20,"Medicine: Alprazolam. Brand: Xanax. Generic: Alprazolam. Country: France. Status: Restricted. Regulation Type: Controlled Substance. Authority: ANSM. Reason: Benzodiazepine, controlled psychotropic substance. Alternatives: Non-drug relaxation techniques. Traveller Advice: Carry prescription; check import quantity limits."
Clonazepam,Klonopin / Rivotril,Clonazepam,India,Restricted,Controlled Substance,CDSCO,"Benzodiazepine, controlled psychotropic substance",Non-drug relaxation techniques,Carry prescription; check import quantity limits,CDSCO Guidelines,2026-07-20,"Medicine: Clonazepam. Brand: Klonopin / Rivotril. Generic: Clonazepam. Country: India. Status: Restricted. Regulation Type: Controlled Substance. Authority: CDSCO. Reason: Benzodiazepine, controlled psychotropic substance. Alternatives: Non-drug relaxation techniques. Traveller Advice: Carry prescription; check import quantity limits."
Clonazepam,Klonopin / Rivotril,Clonazepam,USA,Restricted,Controlled Substance,FDA / DEA,"Benzodiazepine, controlled psychotropic substance",Non-drug relaxation techniques,Carry prescription; check import quantity limits,FDA / DEA Guidelines,2026-07-20,"Medicine: Clonazepam. Brand: Klonopin / Rivotril. Generic: Clonazepam. Country: USA. Status: Restricted. Regulation Type: Controlled Substance. Authority: FDA / DEA. Reason: Benzodiazepine, controlled psychotropic substance. Alternatives: Non-drug relaxation techniques. Traveller Advice: Carry prescription; check import quantity limits."
Clonazepam,Klonopin / Rivotril,Clonazepam,UK,Restricted,Controlled Substance,MHRA / Home Office,"Benzodiazepine, controlled psychotropic substance",Non-drug relaxation techniques,Carry prescription; check import quantity limits,MHRA / Home Office Guidelines,2026-07-20,"Medicine: Clonazepam. Brand: Klonopin / Rivotril. Generic: Clonazepam. Country: UK. Status: Restricted. Regulation Type: Controlled Substance. Authority: MHRA / Home Office. Reason: Benzodiazepine, controlled psychotropic substance. Alternatives: Non-drug relaxation techniques. Traveller Advice: Carry prescription; check import quantity limits."
Clonazepam,Klonopin / Rivotril,Clonazepam,Japan,Restricted,Controlled Substance,MHLW,"Benzodiazepine, controlled psychotropic substance",Non-drug relaxation techniques,Carry prescription; check import quantity limits,MHLW Guidelines,2026-07-20,"Medicine: Clonazepam. Brand: Klonopin / Rivotril. Generic: Clonazepam. Country: Japan. Status: Restricted. Regulation Type: Controlled Substance. Authority: MHLW. Reason: Benzodiazepine, controlled psychotropic substance. Alternatives: Non-drug relaxation techniques. Traveller Advice: Carry prescription; check import quantity limits."
Clonazepam,Klonopin / Rivotril,Clonazepam,UAE,Restricted,Controlled Substance,MOHAP,Controlled psychotropic; import permit generally required,Non-drug relaxation techniques,Apply for MOHAP permit and carry prescription,MOHAP Guidelines,2026-07-20,Medicine: Clonazepam. Brand: Klonopin / Rivotril. Generic: Clonazepam. Country: UAE. Status: Restricted. Regulation Type: Controlled Substance. Authority: MOHAP. Reason: Controlled psychotropic; import permit generally required. Alternatives: Non-drug relaxation techniques. Traveller Advice: Apply for MOHAP permit and carry prescription.
Clonazepam,Klonopin / Rivotril,Clonazepam,Singapore,Restricted,Controlled Substance,HSA,"Benzodiazepine, controlled psychotropic substance",Non-drug relaxation techniques,Carry prescription; check import quantity limits,HSA Guidelines,2026-07-20,"Medicine: Clonazepam. Brand: Klonopin / Rivotril. Generic: Clonazepam. Country: Singapore. Status: Restricted. Regulation Type: Controlled Substance. Authority: HSA. Reason: Benzodiazepine, controlled psychotropic substance. Alternatives: Non-drug relaxation techniques. Traveller Advice: Carry prescription; check import quantity limits."
Clonazepam,Klonopin / Rivotril,Clonazepam,Australia,Restricted,Controlled Substance,TGA,"Benzodiazepine, controlled psychotropic substance",Non-drug relaxation techniques,Carry prescription; check import quantity limits,TGA Guidelines,2026-07-20,"Medicine: Clonazepam. Brand: Klonopin / Rivotril. Generic: Clonazepam. Country: Australia. Status: Restricted. Regulation Type: Controlled Substance. Authority: TGA. Reason: Benzodiazepine, controlled psychotropic substance. Alternatives: Non-drug relaxation techniques. Traveller Advice: Carry prescription; check import quantity limits."
Clonazepam,Klonopin / Rivotril,Clonazepam,Canada,Restricted,Controlled Substance,Health Canada,"Benzodiazepine, controlled psychotropic substance",Non-drug relaxation techniques,Carry prescription; check import quantity limits,Health Canada Guidelines,2026-07-20,"Medicine: Clonazepam. Brand: Klonopin / Rivotril. Generic: Clonazepam. Country: Canada. Status: Restricted. Regulation Type: Controlled Substance. Authority: Health Canada. Reason: Benzodiazepine, controlled psychotropic substance. Alternatives: Non-drug relaxation techniques. Traveller Advice: Carry prescription; check import quantity limits."
Clonazepam,Klonopin / Rivotril,Clonazepam,Germany,Restricted,Controlled Substance,BfArM,"Benzodiazepine, controlled psychotropic substance",Non-drug relaxation techniques,Carry prescription; check import quantity limits,BfArM Guidelines,2026-07-20,"Medicine: Clonazepam. Brand: Klonopin / Rivotril. Generic: Clonazepam. Country: Germany. Status: Restricted. Regulation Type: Controlled Substance. Authority: BfArM. Reason: Benzodiazepine, controlled psychotropic substance. Alternatives: Non-drug relaxation techniques. Traveller Advice: Carry prescription; check import quantity limits."
Clonazepam,Klonopin / Rivotril,Clonazepam,France,Restricted,Controlled Substance,ANSM,"Benzodiazepine, controlled psychotropic substance",Non-drug relaxation techniques,Carry prescription; check import quantity limits,ANSM Guidelines,2026-07-20,"Medicine: Clonazepam. Brand: Klonopin / Rivotril. Generic: Clonazepam. Country: France. Status: Restricted. Regulation Type: Controlled Substance. Authority: ANSM. Reason: Benzodiazepine, controlled psychotropic substance. Alternatives: Non-drug relaxation techniques. Traveller Advice: Carry prescription; check import quantity limits."
Pseudoephedrine,Sudafed,Pseudoephedrine,India,Restricted,Controlled,CDSCO,Precursor chemical for methamphetamine; quantity restrictions common,"Cetirizine, Phenylephrine",Carry only limited quantity; check customs rules,CDSCO Guidelines,2026-07-20,"Medicine: Pseudoephedrine. Brand: Sudafed. Generic: Pseudoephedrine. Country: India. Status: Restricted. Regulation Type: Controlled. Authority: CDSCO. Reason: Precursor chemical for methamphetamine; quantity restrictions common. Alternatives: Cetirizine, Phenylephrine. Traveller Advice: Carry only limited quantity; check customs rules."
Pseudoephedrine,Sudafed,Pseudoephedrine,USA,Restricted,OTC (behind pharmacy counter),FDA / DEA,Sold behind-the-counter with purchase quantity limits,"Cetirizine, Phenylephrine",Carry only small personal-use quantity,FDA / DEA Guidelines,2026-07-20,"Medicine: Pseudoephedrine. Brand: Sudafed. Generic: Pseudoephedrine. Country: USA. Status: Restricted. Regulation Type: OTC (behind pharmacy counter). Authority: FDA / DEA. Reason: Sold behind-the-counter with purchase quantity limits. Alternatives: Cetirizine, Phenylephrine. Traveller Advice: Carry only small personal-use quantity."
Pseudoephedrine,Sudafed,Pseudoephedrine,UK,Restricted,Controlled,MHRA / Home Office,Precursor chemical for methamphetamine; quantity restrictions common,"Cetirizine, Phenylephrine",Carry only limited quantity; check customs rules,MHRA / Home Office Guidelines,2026-07-20,"Medicine: Pseudoephedrine. Brand: Sudafed. Generic: Pseudoephedrine. Country: UK. Status: Restricted. Regulation Type: Controlled. Authority: MHRA / Home Office. Reason: Precursor chemical for methamphetamine; quantity restrictions common. Alternatives: Cetirizine, Phenylephrine. Traveller Advice: Carry only limited quantity; check customs rules."
Pseudoephedrine,Sudafed,Pseudoephedrine,Japan,Banned,Banned,MHLW,Banned as a stimulant precursor under narcotics law,"Cetirizine, Phenylephrine",Do not carry; use phenylephrine-based alternatives,MHLW Guidelines,2026-07-20,"Medicine: Pseudoephedrine. Brand: Sudafed. Generic: Pseudoephedrine. Country: Japan. Status: Banned. Regulation Type: Banned. Authority: MHLW. Reason: Banned as a stimulant precursor under narcotics law. Alternatives: Cetirizine, Phenylephrine. Traveller Advice: Do not carry; use phenylephrine-based alternatives."
Pseudoephedrine,Sudafed,Pseudoephedrine,UAE,Restricted,Controlled,MOHAP,Precursor chemical for methamphetamine; quantity restrictions common,"Cetirizine, Phenylephrine",Carry only limited quantity; check customs rules,MOHAP Guidelines,2026-07-20,"Medicine: Pseudoephedrine. Brand: Sudafed. Generic: Pseudoephedrine. Country: UAE. Status: Restricted. Regulation Type: Controlled. Authority: MOHAP. Reason: Precursor chemical for methamphetamine; quantity restrictions common. Alternatives: Cetirizine, Phenylephrine. Traveller Advice: Carry only limited quantity; check customs rules."
Pseudoephedrine,Sudafed,Pseudoephedrine,Singapore,Restricted,Controlled,HSA,Precursor chemical for methamphetamine; quantity restrictions common,"Cetirizine, Phenylephrine",Carry only limited quantity; check customs rules,HSA Guidelines,2026-07-20,"Medicine: Pseudoephedrine. Brand: Sudafed. Generic: Pseudoephedrine. Country: Singapore. Status: Restricted. Regulation Type: Controlled. Authority: HSA. Reason: Precursor chemical for methamphetamine; quantity restrictions common. Alternatives: Cetirizine, Phenylephrine. Traveller Advice: Carry only limited quantity; check customs rules."
Pseudoephedrine,Sudafed,Pseudoephedrine,Australia,Restricted,Controlled,TGA,Precursor chemical for methamphetamine; quantity restrictions common,"Cetirizine, Phenylephrine",Carry only limited quantity; check customs rules,TGA Guidelines,2026-07-20,"Medicine: Pseudoephedrine. Brand: Sudafed. Generic: Pseudoephedrine. Country: Australia. Status: Restricted. Regulation Type: Controlled. Authority: TGA. Reason: Precursor chemical for methamphetamine; quantity restrictions common. Alternatives: Cetirizine, Phenylephrine. Traveller Advice: Carry only limited quantity; check customs rules."
Pseudoephedrine,Sudafed,Pseudoephedrine,Canada,Restricted,Controlled,Health Canada,Precursor chemical for methamphetamine; quantity restrictions common,"Cetirizine, Phenylephrine",Carry only limited quantity; check customs rules,Health Canada Guidelines,2026-07-20,"Medicine: Pseudoephedrine. Brand: Sudafed. Generic: Pseudoephedrine. Country: Canada. Status: Restricted. Regulation Type: Controlled. Authority: Health Canada. Reason: Precursor chemical for methamphetamine; quantity restrictions common. Alternatives: Cetirizine, Phenylephrine. Traveller Advice: Carry only limited quantity; check customs rules."
Pseudoephedrine,Sudafed,Pseudoephedrine,Germany,Restricted,Controlled,BfArM,Precursor chemical for methamphetamine; quantity restrictions common,"Cetirizine, Phenylephrine",Carry only limited quantity; check customs rules,BfArM Guidelines,2026-07-20,"Medicine: Pseudoephedrine. Brand: Sudafed. Generic: Pseudoephedrine. Country: Germany. Status: Restricted. Regulation Type: Controlled. Authority: BfArM. Reason: Precursor chemical for methamphetamine; quantity restrictions common. Alternatives: Cetirizine, Phenylephrine. Traveller Advice: Carry only limited quantity; check customs rules."
Pseudoephedrine,Sudafed,Pseudoephedrine,France,Restricted,Controlled,ANSM,Precursor chemical for methamphetamine; quantity restrictions common,"Cetirizine, Phenylephrine",Carry only limited quantity; check customs rules,ANSM Guidelines,2026-07-20,"Medicine: Pseudoephedrine. Brand: Sudafed. Generic: Pseudoephedrine. Country: France. Status: Restricted. Regulation Type: Controlled. Authority: ANSM. Reason: Precursor chemical for methamphetamine; quantity restrictions common. Alternatives: Cetirizine, Phenylephrine. Traveller Advice: Carry only limited quantity; check customs rules."
Amphetamine,Adderall,Amphetamine/Dextroamphetamine,India,Restricted,Controlled Substance,CDSCO,Stimulant used for ADHD; controlled due to abuse potential,Non-stimulant ADHD therapies (consult doctor),Carry prescription and doctor's letter; check import rules,CDSCO Guidelines,2026-07-20,Medicine: Amphetamine. Brand: Adderall. Generic: Amphetamine/Dextroamphetamine. Country: India. Status: Restricted. Regulation Type: Controlled Substance. Authority: CDSCO. Reason: Stimulant used for ADHD; controlled due to abuse potential. Alternatives: Non-stimulant ADHD therapies (consult doctor). Traveller Advice: Carry prescription and doctor's letter; check import rules.
Amphetamine,Adderall,Amphetamine/Dextroamphetamine,USA,Restricted,Controlled Substance,FDA / DEA,Stimulant used for ADHD; controlled due to abuse potential,Non-stimulant ADHD therapies (consult doctor),Carry prescription and doctor's letter; check import rules,FDA / DEA Guidelines,2026-07-20,Medicine: Amphetamine. Brand: Adderall. Generic: Amphetamine/Dextroamphetamine. Country: USA. Status: Restricted. Regulation Type: Controlled Substance. Authority: FDA / DEA. Reason: Stimulant used for ADHD; controlled due to abuse potential. Alternatives: Non-stimulant ADHD therapies (consult doctor). Traveller Advice: Carry prescription and doctor's letter; check import rules.
Amphetamine,Adderall,Amphetamine/Dextroamphetamine,UK,Restricted,Controlled Substance,MHRA / Home Office,Stimulant used for ADHD; controlled due to abuse potential,Non-stimulant ADHD therapies (consult doctor),Carry prescription and doctor's letter; check import rules,MHRA / Home Office Guidelines,2026-07-20,Medicine: Amphetamine. Brand: Adderall. Generic: Amphetamine/Dextroamphetamine. Country: UK. Status: Restricted. Regulation Type: Controlled Substance. Authority: MHRA / Home Office. Reason: Stimulant used for ADHD; controlled due to abuse potential. Alternatives: Non-stimulant ADHD therapies (consult doctor). Traveller Advice: Carry prescription and doctor's letter; check import rules.
Amphetamine,Adderall,Amphetamine/Dextroamphetamine,Japan,Banned,Banned,MHLW,Amphetamines are banned stimulants under Japanese law,Non-stimulant ADHD therapies (consult doctor),Do not carry; consult doctor for legal alternatives before travel,MHLW Guidelines,2026-07-20,Medicine: Amphetamine. Brand: Adderall. Generic: Amphetamine/Dextroamphetamine. Country: Japan. Status: Banned. Regulation Type: Banned. Authority: MHLW. Reason: Amphetamines are banned stimulants under Japanese law. Alternatives: Non-stimulant ADHD therapies (consult doctor). Traveller Advice: Do not carry; consult doctor for legal alternatives before travel.
Amphetamine,Adderall,Amphetamine/Dextroamphetamine,UAE,Restricted,Controlled Substance,MOHAP,Controlled stimulant; import permit generally required,Non-stimulant ADHD therapies (consult doctor),Apply for MOHAP permit and carry prescription,MOHAP Guidelines,2026-07-20,Medicine: Amphetamine. Brand: Adderall. Generic: Amphetamine/Dextroamphetamine. Country: UAE. Status: Restricted. Regulation Type: Controlled Substance. Authority: MOHAP. Reason: Controlled stimulant; import permit generally required. Alternatives: Non-stimulant ADHD therapies (consult doctor). Traveller Advice: Apply for MOHAP permit and carry prescription.
Amphetamine,Adderall,Amphetamine/Dextroamphetamine,Singapore,Restricted,Controlled Substance,HSA,Stimulant used for ADHD; controlled due to abuse potential,Non-stimulant ADHD therapies (consult doctor),Carry prescription and doctor's letter; check import rules,HSA Guidelines,2026-07-20,Medicine: Amphetamine. Brand: Adderall. Generic: Amphetamine/Dextroamphetamine. Country: Singapore. Status: Restricted. Regulation Type: Controlled Substance. Authority: HSA. Reason: Stimulant used for ADHD; controlled due to abuse potential. Alternatives: Non-stimulant ADHD therapies (consult doctor). Traveller Advice: Carry prescription and doctor's letter; check import rules.
Amphetamine,Adderall,Amphetamine/Dextroamphetamine,Australia,Restricted,Controlled Substance,TGA,Stimulant used for ADHD; controlled due to abuse potential,Non-stimulant ADHD therapies (consult doctor),Carry prescription and doctor's letter; check import rules,TGA Guidelines,2026-07-20,Medicine: Amphetamine. Brand: Adderall. Generic: Amphetamine/Dextroamphetamine. Country: Australia. Status: Restricted. Regulation Type: Controlled Substance. Authority: TGA. Reason: Stimulant used for ADHD; controlled due to abuse potential. Alternatives: Non-stimulant ADHD therapies (consult doctor). Traveller Advice: Carry prescription and doctor's letter; check import rules.
Amphetamine,Adderall,Amphetamine/Dextroamphetamine,Canada,Restricted,Controlled Substance,Health Canada,Stimulant used for ADHD; controlled due to abuse potential,Non-stimulant ADHD therapies (consult doctor),Carry prescription and doctor's letter; check import rules,Health Canada Guidelines,2026-07-20,Medicine: Amphetamine. Brand: Adderall. Generic: Amphetamine/Dextroamphetamine. Country: Canada. Status: Restricted. Regulation Type: Controlled Substance. Authority: Health Canada. Reason: Stimulant used for ADHD; controlled due to abuse potential. Alternatives: Non-stimulant ADHD therapies (consult doctor). Traveller Advice: Carry prescription and doctor's letter; check import rules.
Amphetamine,Adderall,Amphetamine/Dextroamphetamine,Germany,Restricted,Controlled Substance,BfArM,Stimulant used for ADHD; controlled due to abuse potential,Non-stimulant ADHD therapies (consult doctor),Carry prescription and doctor's letter; check import rules,BfArM Guidelines,2026-07-20,Medicine: Amphetamine. Brand: Adderall. Generic: Amphetamine/Dextroamphetamine. Country: Germany. Status: Restricted. Regulation Type: Controlled Substance. Authority: BfArM. Reason: Stimulant used for ADHD; controlled due to abuse potential. Alternatives: Non-stimulant ADHD therapies (consult doctor). Traveller Advice: Carry prescription and doctor's letter; check import rules.
Amphetamine,Adderall,Amphetamine/Dextroamphetamine,France,Restricted,Controlled Substance,ANSM,Stimulant used for ADHD; controlled due to abuse potential,Non-stimulant ADHD therapies (consult doctor),Carry prescription and doctor's letter; check import rules,ANSM Guidelines,2026-07-20,Medicine: Amphetamine. Brand: Adderall. Generic: Amphetamine/Dextroamphetamine. Country: France. Status: Restricted. Regulation Type: Controlled Substance. Authority: ANSM. Reason: Stimulant used for ADHD; controlled due to abuse potential. Alternatives: Non-stimulant ADHD therapies (consult doctor). Traveller Advice: Carry prescription and doctor's letter; check import rules.
Methylphenidate,Ritalin / Concerta,Methylphenidate,India,Restricted,Controlled Substance,CDSCO,Stimulant used for ADHD; controlled substance,Non-stimulant ADHD therapies (consult doctor),Carry prescription and doctor's letter,CDSCO Guidelines,2026-07-20,Medicine: Methylphenidate. Brand: Ritalin / Concerta. Generic: Methylphenidate. Country: India. Status: Restricted. Regulation Type: Controlled Substance. Authority: CDSCO. Reason: Stimulant used for ADHD; controlled substance. Alternatives: Non-stimulant ADHD therapies (consult doctor). Traveller Advice: Carry prescription and doctor's letter.
Methylphenidate,Ritalin / Concerta,Methylphenidate,USA,Restricted,Controlled Substance,FDA / DEA,Stimulant used for ADHD; controlled substance,Non-stimulant ADHD therapies (consult doctor),Carry prescription and doctor's letter,FDA / DEA Guidelines,2026-07-20,Medicine: Methylphenidate. Brand: Ritalin / Concerta. Generic: Methylphenidate. Country: USA. Status: Restricted. Regulation Type: Controlled Substance. Authority: FDA / DEA. Reason: Stimulant used for ADHD; controlled substance. Alternatives: Non-stimulant ADHD therapies (consult doctor). Traveller Advice: Carry prescription and doctor's letter.
Methylphenidate,Ritalin / Concerta,Methylphenidate,UK,Restricted,Controlled Substance,MHRA / Home Office,Stimulant used for ADHD; controlled substance,Non-stimulant ADHD therapies (consult doctor),Carry prescription and doctor's letter,MHRA / Home Office Guidelines,2026-07-20,Medicine: Methylphenidate. Brand: Ritalin / Concerta. Generic: Methylphenidate. Country: UK. Status: Restricted. Regulation Type: Controlled Substance. Authority: MHRA / Home Office. Reason: Stimulant used for ADHD; controlled substance. Alternatives: Non-stimulant ADHD therapies (consult doctor). Traveller Advice: Carry prescription and doctor's letter.
Methylphenidate,Ritalin / Concerta,Methylphenidate,Japan,Restricted,Controlled Substance,MHLW,Registered facility required to receive prescription in Japan,Non-stimulant ADHD therapies (consult doctor),Carry prescription; check Yakkan Shoumei requirement,MHLW Guidelines,2026-07-20,Medicine: Methylphenidate. Brand: Ritalin / Concerta. Generic: Methylphenidate. Country: Japan. Status: Restricted. Regulation Type: Controlled Substance. Authority: MHLW. Reason: Registered facility required to receive prescription in Japan. Alternatives: Non-stimulant ADHD therapies (consult doctor). Traveller Advice: Carry prescription; check Yakkan Shoumei requirement.
Methylphenidate,Ritalin / Concerta,Methylphenidate,UAE,Restricted,Controlled Substance,MOHAP,Controlled stimulant; import permit generally required,Non-stimulant ADHD therapies (consult doctor),Apply for MOHAP permit and carry prescription,MOHAP Guidelines,2026-07-20,Medicine: Methylphenidate. Brand: Ritalin / Concerta. Generic: Methylphenidate. Country: UAE. Status: Restricted. Regulation Type: Controlled Substance. Authority: MOHAP. Reason: Controlled stimulant; import permit generally required. Alternatives: Non-stimulant ADHD therapies (consult doctor). Traveller Advice: Apply for MOHAP permit and carry prescription.
Methylphenidate,Ritalin / Concerta,Methylphenidate,Singapore,Restricted,Controlled Substance,HSA,Stimulant used for ADHD; controlled substance,Non-stimulant ADHD therapies (consult doctor),Carry prescription and doctor's letter,HSA Guidelines,2026-07-20,Medicine: Methylphenidate. Brand: Ritalin / Concerta. Generic: Methylphenidate. Country: Singapore. Status: Restricted. Regulation Type: Controlled Substance. Authority: HSA. Reason: Stimulant used for ADHD; controlled substance. Alternatives: Non-stimulant ADHD therapies (consult doctor). Traveller Advice: Carry prescription and doctor's letter.
Methylphenidate,Ritalin / Concerta,Methylphenidate,Australia,Restricted,Controlled Substance,TGA,Stimulant used for ADHD; controlled substance,Non-stimulant ADHD therapies (consult doctor),Carry prescription and doctor's letter,TGA Guidelines,2026-07-20,Medicine: Methylphenidate. Brand: Ritalin / Concerta. Generic: Methylphenidate. Country: Australia. Status: Restricted. Regulation Type: Controlled Substance. Authority: TGA. Reason: Stimulant used for ADHD; controlled substance. Alternatives: Non-stimulant ADHD therapies (consult doctor). Traveller Advice: Carry prescription and doctor's letter.
Methylphenidate,Ritalin / Concerta,Methylphenidate,Canada,Restricted,Controlled Substance,Health Canada,Stimulant used for ADHD; controlled substance,Non-stimulant ADHD therapies (consult doctor),Carry prescription and doctor's letter,Health Canada Guidelines,2026-07-20,Medicine: Methylphenidate. Brand: Ritalin / Concerta. Generic: Methylphenidate. Country: Canada. Status: Restricted. Regulation Type: Controlled Substance. Authority: Health Canada. Reason: Stimulant used for ADHD; controlled substance. Alternatives: Non-stimulant ADHD therapies (consult doctor). Traveller Advice: Carry prescription and doctor's letter.
Methylphenidate,Ritalin / Concerta,Methylphenidate,Germany,Restricted,Controlled Substance,BfArM,Stimulant used for ADHD; controlled substance,Non-stimulant ADHD therapies (consult doctor),Carry prescription and doctor's letter,BfArM Guidelines,2026-07-20,Medicine: Methylphenidate. Brand: Ritalin / Concerta. Generic: Methylphenidate. Country: Germany. Status: Restricted. Regulation Type: Controlled Substance. Authority: BfArM. Reason: Stimulant used for ADHD; controlled substance. Alternatives: Non-stimulant ADHD therapies (consult doctor). Traveller Advice: Carry prescription and doctor's letter.
Methylphenidate,Ritalin / Concerta,Methylphenidate,France,Restricted,Controlled Substance,ANSM,Stimulant used for ADHD; controlled substance,Non-stimulant ADHD therapies (consult doctor),Carry prescription and doctor's letter,ANSM Guidelines,2026-07-20,Medicine: Methylphenidate. Brand: Ritalin / Concerta. Generic: Methylphenidate. Country: France. Status: Restricted. Regulation Type: Controlled Substance. Authority: ANSM. Reason: Stimulant used for ADHD; controlled substance. Alternatives: Non-stimulant ADHD therapies (consult doctor). Traveller Advice: Carry prescription and doctor's letter.
Modafinil,Provigil,Modafinil,India,Restricted,Prescription,CDSCO,"Wakefulness agent, prescription-only in most countries",Caffeine-based products (mild effect),Carry prescription,CDSCO Guidelines,2026-07-20,"Medicine: Modafinil. Brand: Provigil. Generic: Modafinil. Country: India. Status: Restricted. Regulation Type: Prescription. Authority: CDSCO. Reason: Wakefulness agent, prescription-only in most countries. Alternatives: Caffeine-based products (mild effect). Traveller Advice: Carry prescription."
Modafinil,Provigil,Modafinil,USA,Restricted,Prescription,FDA / DEA,"Wakefulness agent, prescription-only in most countries",Caffeine-based products (mild effect),Carry prescription,FDA / DEA Guidelines,2026-07-20,"Medicine: Modafinil. Brand: Provigil. Generic: Modafinil. Country: USA. Status: Restricted. Regulation Type: Prescription. Authority: FDA / DEA. Reason: Wakefulness agent, prescription-only in most countries. Alternatives: Caffeine-based products (mild effect). Traveller Advice: Carry prescription."
Modafinil,Provigil,Modafinil,UK,Restricted,Prescription,MHRA / Home Office,"Wakefulness agent, prescription-only in most countries",Caffeine-based products (mild effect),Carry prescription,MHRA / Home Office Guidelines,2026-07-20,"Medicine: Modafinil. Brand: Provigil. Generic: Modafinil. Country: UK. Status: Restricted. Regulation Type: Prescription. Authority: MHRA / Home Office. Reason: Wakefulness agent, prescription-only in most countries. Alternatives: Caffeine-based products (mild effect). Traveller Advice: Carry prescription."
Modafinil,Provigil,Modafinil,Japan,Restricted,Prescription,MHLW,"Wakefulness agent, prescription-only in most countries",Caffeine-based products (mild effect),Carry prescription,MHLW Guidelines,2026-07-20,"Medicine: Modafinil. Brand: Provigil. Generic: Modafinil. Country: Japan. Status: Restricted. Regulation Type: Prescription. Authority: MHLW. Reason: Wakefulness agent, prescription-only in most countries. Alternatives: Caffeine-based products (mild effect). Traveller Advice: Carry prescription."
Modafinil,Provigil,Modafinil,UAE,Restricted,Controlled Substance,MOHAP,Treated as a controlled substance in the UAE,Caffeine-based products (mild effect),Carry prescription and check import permit requirement,MOHAP Guidelines,2026-07-20,Medicine: Modafinil. Brand: Provigil. Generic: Modafinil. Country: UAE. Status: Restricted. Regulation Type: Controlled Substance. Authority: MOHAP. Reason: Treated as a controlled substance in the UAE. Alternatives: Caffeine-based products (mild effect). Traveller Advice: Carry prescription and check import permit requirement.
Modafinil,Provigil,Modafinil,Singapore,Restricted,Prescription,HSA,"Wakefulness agent, prescription-only in most countries",Caffeine-based products (mild effect),Carry prescription,HSA Guidelines,2026-07-20,"Medicine: Modafinil. Brand: Provigil. Generic: Modafinil. Country: Singapore. Status: Restricted. Regulation Type: Prescription. Authority: HSA. Reason: Wakefulness agent, prescription-only in most countries. Alternatives: Caffeine-based products (mild effect). Traveller Advice: Carry prescription."
Modafinil,Provigil,Modafinil,Australia,Restricted,Prescription,TGA,"Wakefulness agent, prescription-only in most countries",Caffeine-based products (mild effect),Carry prescription,TGA Guidelines,2026-07-20,"Medicine: Modafinil. Brand: Provigil. Generic: Modafinil. Country: Australia. Status: Restricted. Regulation Type: Prescription. Authority: TGA. Reason: Wakefulness agent, prescription-only in most countries. Alternatives: Caffeine-based products (mild effect). Traveller Advice: Carry prescription."
Modafinil,Provigil,Modafinil,Canada,Restricted,Prescription,Health Canada,"Wakefulness agent, prescription-only in most countries",Caffeine-based products (mild effect),Carry prescription,Health Canada Guidelines,2026-07-20,"Medicine: Modafinil. Brand: Provigil. Generic: Modafinil. Country: Canada. Status: Restricted. Regulation Type: Prescription. Authority: Health Canada. Reason: Wakefulness agent, prescription-only in most countries. Alternatives: Caffeine-based products (mild effect). Traveller Advice: Carry prescription."
Modafinil,Provigil,Modafinil,Germany,Restricted,Prescription,BfArM,"Wakefulness agent, prescription-only in most countries",Caffeine-based products (mild effect),Carry prescription,BfArM Guidelines,2026-07-20,"Medicine: Modafinil. Brand: Provigil. Generic: Modafinil. Country: Germany. Status: Restricted. Regulation Type: Prescription. Authority: BfArM. Reason: Wakefulness agent, prescription-only in most countries. Alternatives: Caffeine-based products (mild effect). Traveller Advice: Carry prescription."
Modafinil,Provigil,Modafinil,France,Restricted,Prescription,ANSM,"Wakefulness agent, prescription-only in most countries",Caffeine-based products (mild effect),Carry prescription,ANSM Guidelines,2026-07-20,"Medicine: Modafinil. Brand: Provigil. Generic: Modafinil. Country: France. Status: Restricted. Regulation Type: Prescription. Authority: ANSM. Reason: Wakefulness agent, prescription-only in most countries. Alternatives: Caffeine-based products (mild effect). Traveller Advice: Carry prescription."
Dextromethorphan,Robitussin DM,Dextromethorphan,India,Allowed,OTC,CDSCO,"Common cough suppressant, generally unrestricted",Honey-based lozenges,Safe to carry in personal-use quantities,CDSCO Guidelines,2026-07-20,"Medicine: Dextromethorphan. Brand: Robitussin DM. Generic: Dextromethorphan. Country: India. Status: Allowed. Regulation Type: OTC. Authority: CDSCO. Reason: Common cough suppressant, generally unrestricted. Alternatives: Honey-based lozenges. Traveller Advice: Safe to carry in personal-use quantities."
Dextromethorphan,Robitussin DM,Dextromethorphan,USA,Allowed,OTC,FDA / DEA,"Common cough suppressant, generally unrestricted",Honey-based lozenges,Safe to carry in personal-use quantities,FDA / DEA Guidelines,2026-07-20,"Medicine: Dextromethorphan. Brand: Robitussin DM. Generic: Dextromethorphan. Country: USA. Status: Allowed. Regulation Type: OTC. Authority: FDA / DEA. Reason: Common cough suppressant, generally unrestricted. Alternatives: Honey-based lozenges. Traveller Advice: Safe to carry in personal-use quantities."
Dextromethorphan,Robitussin DM,Dextromethorphan,UK,Allowed,OTC,MHRA / Home Office,"Common cough suppressant, generally unrestricted",Honey-based lozenges,Safe to carry in personal-use quantities,MHRA / Home Office Guidelines,2026-07-20,"Medicine: Dextromethorphan. Brand: Robitussin DM. Generic: Dextromethorphan. Country: UK. Status: Allowed. Regulation Type: OTC. Authority: MHRA / Home Office. Reason: Common cough suppressant, generally unrestricted. Alternatives: Honey-based lozenges. Traveller Advice: Safe to carry in personal-use quantities."
Dextromethorphan,Robitussin DM,Dextromethorphan,Japan,Restricted,OTC (quantity limited),MHLW,Sales quantity per purchase may be capped to prevent misuse,Honey-based lozenges,Carry only small personal-use quantity,MHLW Guidelines,2026-07-20,Medicine: Dextromethorphan. Brand: Robitussin DM. Generic: Dextromethorphan. Country: Japan. Status: Restricted. Regulation Type: OTC (quantity limited). Authority: MHLW. Reason: Sales quantity per purchase may be capped to prevent misuse. Alternatives: Honey-based lozenges. Traveller Advice: Carry only small personal-use quantity.
Dextromethorphan,Robitussin DM,Dextromethorphan,UAE,Allowed,OTC,MOHAP,"Common cough suppressant, generally unrestricted",Honey-based lozenges,Safe to carry in personal-use quantities,MOHAP Guidelines,2026-07-20,"Medicine: Dextromethorphan. Brand: Robitussin DM. Generic: Dextromethorphan. Country: UAE. Status: Allowed. Regulation Type: OTC. Authority: MOHAP. Reason: Common cough suppressant, generally unrestricted. Alternatives: Honey-based lozenges. Traveller Advice: Safe to carry in personal-use quantities."
Dextromethorphan,Robitussin DM,Dextromethorphan,Singapore,Allowed,OTC,HSA,"Common cough suppressant, generally unrestricted",Honey-based lozenges,Safe to carry in personal-use quantities,HSA Guidelines,2026-07-20,"Medicine: Dextromethorphan. Brand: Robitussin DM. Generic: Dextromethorphan. Country: Singapore. Status: Allowed. Regulation Type: OTC. Authority: HSA. Reason: Common cough suppressant, generally unrestricted. Alternatives: Honey-based lozenges. Traveller Advice: Safe to carry in personal-use quantities."
Dextromethorphan,Robitussin DM,Dextromethorphan,Australia,Allowed,OTC,TGA,"Common cough suppressant, generally unrestricted",Honey-based lozenges,Safe to carry in personal-use quantities,TGA Guidelines,2026-07-20,"Medicine: Dextromethorphan. Brand: Robitussin DM. Generic: Dextromethorphan. Country: Australia. Status: Allowed. Regulation Type: OTC. Authority: TGA. Reason: Common cough suppressant, generally unrestricted. Alternatives: Honey-based lozenges. Traveller Advice: Safe to carry in personal-use quantities."
Dextromethorphan,Robitussin DM,Dextromethorphan,Canada,Allowed,OTC,Health Canada,"Common cough suppressant, generally unrestricted",Honey-based lozenges,Safe to carry in personal-use quantities,Health Canada Guidelines,2026-07-20,"Medicine: Dextromethorphan. Brand: Robitussin DM. Generic: Dextromethorphan. Country: Canada. Status: Allowed. Regulation Type: OTC. Authority: Health Canada. Reason: Common cough suppressant, generally unrestricted. Alternatives: Honey-based lozenges. Traveller Advice: Safe to carry in personal-use quantities."
Dextromethorphan,Robitussin DM,Dextromethorphan,Germany,Allowed,OTC,BfArM,"Common cough suppressant, generally unrestricted",Honey-based lozenges,Safe to carry in personal-use quantities,BfArM Guidelines,2026-07-20,"Medicine: Dextromethorphan. Brand: Robitussin DM. Generic: Dextromethorphan. Country: Germany. Status: Allowed. Regulation Type: OTC. Authority: BfArM. Reason: Common cough suppressant, generally unrestricted. Alternatives: Honey-based lozenges. Traveller Advice: Safe to carry in personal-use quantities."
Dextromethorphan,Robitussin DM,Dextromethorphan,France,Allowed,OTC,ANSM,"Common cough suppressant, generally unrestricted",Honey-based lozenges,Safe to carry in personal-use quantities,ANSM Guidelines,2026-07-20,"Medicine: Dextromethorphan. Brand: Robitussin DM. Generic: Dextromethorphan. Country: France. Status: Allowed. Regulation Type: OTC. Authority: ANSM. Reason: Common cough suppressant, generally unrestricted. Alternatives: Honey-based lozenges. Traveller Advice: Safe to carry in personal-use quantities."
Cannabidiol (CBD) Oil,Various,Cannabidiol,India,Restricted,Prescription/Controlled,CDSCO,Derived from cannabis plant; legality varies widely by THC content,Non-cannabinoid pain relief (consult doctor),Check destination THC-content limits before travel,CDSCO Guidelines,2026-07-20,Medicine: Cannabidiol (CBD) Oil. Brand: Various. Generic: Cannabidiol. Country: India. Status: Restricted. Regulation Type: Prescription/Controlled. Authority: CDSCO. Reason: Derived from cannabis plant; legality varies widely by THC content. Alternatives: Non-cannabinoid pain relief (consult doctor). Traveller Advice: Check destination THC-content limits before travel.
Cannabidiol (CBD) Oil,Various,Cannabidiol,USA,Restricted,Varies by state,FDA / DEA,Legal federally at low THC but state laws differ,Non-cannabinoid pain relief (consult doctor),Check state-level law at destination,FDA / DEA Guidelines,2026-07-20,Medicine: Cannabidiol (CBD) Oil. Brand: Various. Generic: Cannabidiol. Country: USA. Status: Restricted. Regulation Type: Varies by state. Authority: FDA / DEA. Reason: Legal federally at low THC but state laws differ. Alternatives: Non-cannabinoid pain relief (consult doctor). Traveller Advice: Check state-level law at destination.
Cannabidiol (CBD) Oil,Various,Cannabidiol,UK,Allowed,OTC (low THC),MHRA / Home Office,Legal if THC content is below regulatory threshold,Non-cannabinoid pain relief (consult doctor),Carry proof of THC content/lab report,MHRA / Home Office Guidelines,2026-07-20,Medicine: Cannabidiol (CBD) Oil. Brand: Various. Generic: Cannabidiol. Country: UK. Status: Allowed. Regulation Type: OTC (low THC). Authority: MHRA / Home Office. Reason: Legal if THC content is below regulatory threshold. Alternatives: Non-cannabinoid pain relief (consult doctor). Traveller Advice: Carry proof of THC content/lab report.
Cannabidiol (CBD) Oil,Various,Cannabidiol,Japan,Restricted,Controlled,MHLW,CBD legal only if zero THC; strict testing,Non-cannabinoid pain relief (consult doctor),Carry lab report proving zero THC content,MHLW Guidelines,2026-07-20,Medicine: Cannabidiol (CBD) Oil. Brand: Various. Generic: Cannabidiol. Country: Japan. Status: Restricted. Regulation Type: Controlled. Authority: MHLW. Reason: CBD legal only if zero THC; strict testing. Alternatives: Non-cannabinoid pain relief (consult doctor). Traveller Advice: Carry lab report proving zero THC content.
Cannabidiol (CBD) Oil,Various,Cannabidiol,UAE,Banned,Banned,MOHAP,Any cannabis-derived product is strictly banned,Non-cannabinoid pain relief (consult doctor),Do not carry under any circumstances,MOHAP Guidelines,2026-07-20,Medicine: Cannabidiol (CBD) Oil. Brand: Various. Generic: Cannabidiol. Country: UAE. Status: Banned. Regulation Type: Banned. Authority: MOHAP. Reason: Any cannabis-derived product is strictly banned. Alternatives: Non-cannabinoid pain relief (consult doctor). Traveller Advice: Do not carry under any circumstances.
Cannabidiol (CBD) Oil,Various,Cannabidiol,Singapore,Banned,Banned,HSA,Cannabis-derived products banned under Misuse of Drugs Act,Non-cannabinoid pain relief (consult doctor),Do not carry under any circumstances,HSA Guidelines,2026-07-20,Medicine: Cannabidiol (CBD) Oil. Brand: Various. Generic: Cannabidiol. Country: Singapore. Status: Banned. Regulation Type: Banned. Authority: HSA. Reason: Cannabis-derived products banned under Misuse of Drugs Act. Alternatives: Non-cannabinoid pain relief (consult doctor). Traveller Advice: Do not carry under any circumstances.
Cannabidiol (CBD) Oil,Various,Cannabidiol,Australia,Restricted,Prescription/Controlled,TGA,Derived from cannabis plant; legality varies widely by THC content,Non-cannabinoid pain relief (consult doctor),Check destination THC-content limits before travel,TGA Guidelines,2026-07-20,Medicine: Cannabidiol (CBD) Oil. Brand: Various. Generic: Cannabidiol. Country: Australia. Status: Restricted. Regulation Type: Prescription/Controlled. Authority: TGA. Reason: Derived from cannabis plant; legality varies widely by THC content. Alternatives: Non-cannabinoid pain relief (consult doctor). Traveller Advice: Check destination THC-content limits before travel.
Cannabidiol (CBD) Oil,Various,Cannabidiol,Canada,Restricted,Prescription/Controlled,Health Canada,Derived from cannabis plant; legality varies widely by THC content,Non-cannabinoid pain relief (consult doctor),Check destination THC-content limits before travel,Health Canada Guidelines,2026-07-20,Medicine: Cannabidiol (CBD) Oil. Brand: Various. Generic: Cannabidiol. Country: Canada. Status: Restricted. Regulation Type: Prescription/Controlled. Authority: Health Canada. Reason: Derived from cannabis plant; legality varies widely by THC content. Alternatives: Non-cannabinoid pain relief (consult doctor). Traveller Advice: Check destination THC-content limits before travel.
Cannabidiol (CBD) Oil,Various,Cannabidiol,Germany,Restricted,Prescription/Controlled,BfArM,Derived from cannabis plant; legality varies widely by THC content,Non-cannabinoid pain relief (consult doctor),Check destination THC-content limits before travel,BfArM Guidelines,2026-07-20,Medicine: Cannabidiol (CBD) Oil. Brand: Various. Generic: Cannabidiol. Country: Germany. Status: Restricted. Regulation Type: Prescription/Controlled. Authority: BfArM. Reason: Derived from cannabis plant; legality varies widely by THC content. Alternatives: Non-cannabinoid pain relief (consult doctor). Traveller Advice: Check destination THC-content limits before travel.
Cannabidiol (CBD) Oil,Various,Cannabidiol,France,Restricted,Prescription/Controlled,ANSM,Derived from cannabis plant; legality varies widely by THC content,Non-cannabinoid pain relief (consult doctor),Check destination THC-content limits before travel,ANSM Guidelines,2026-07-20,Medicine: Cannabidiol (CBD) Oil. Brand: Various. Generic: Cannabidiol. Country: France. Status: Restricted. Regulation Type: Prescription/Controlled. Authority: ANSM. Reason: Derived from cannabis plant; legality varies widely by THC content. Alternatives: Non-cannabinoid pain relief (consult doctor). Traveller Advice: Check destination THC-content limits before travel.
Medical Cannabis,Various,THC/Cannabis,India,Banned,Banned,CDSCO,Cannabis remains a controlled/banned narcotic in most travel contexts,CBD (zero-THC) products where legal,Do not carry across borders even if legal at home,CDSCO Guidelines,2026-07-20,Medicine: Medical Cannabis. Brand: Various. Generic: THC/Cannabis. Country: India. Status: Banned. Regulation Type: Banned. Authority: CDSCO. Reason: Cannabis remains a controlled/banned narcotic in most travel contexts. Alternatives: CBD (zero-THC) products where legal. Traveller Advice: Do not carry across borders even if legal at home.
Medical Cannabis,Various,THC/Cannabis,USA,Banned,Banned,FDA / DEA,Cannabis remains a controlled/banned narcotic in most travel contexts,CBD (zero-THC) products where legal,Do not carry across borders even if legal at home,FDA / DEA Guidelines,2026-07-20,Medicine: Medical Cannabis. Brand: Various. Generic: THC/Cannabis. Country: USA. Status: Banned. Regulation Type: Banned. Authority: FDA / DEA. Reason: Cannabis remains a controlled/banned narcotic in most travel contexts. Alternatives: CBD (zero-THC) products where legal. Traveller Advice: Do not carry across borders even if legal at home.
Medical Cannabis,Various,THC/Cannabis,UK,Banned,Banned,MHRA / Home Office,Cannabis remains a controlled/banned narcotic in most travel contexts,CBD (zero-THC) products where legal,Do not carry across borders even if legal at home,MHRA / Home Office Guidelines,2026-07-20,Medicine: Medical Cannabis. Brand: Various. Generic: THC/Cannabis. Country: UK. Status: Banned. Regulation Type: Banned. Authority: MHRA / Home Office. Reason: Cannabis remains a controlled/banned narcotic in most travel contexts. Alternatives: CBD (zero-THC) products where legal. Traveller Advice: Do not carry across borders even if legal at home.
Medical Cannabis,Various,THC/Cannabis,Japan,Banned,Banned,MHLW,Cannabis remains a controlled/banned narcotic in most travel contexts,CBD (zero-THC) products where legal,Do not carry across borders even if legal at home,MHLW Guidelines,2026-07-20,Medicine: Medical Cannabis. Brand: Various. Generic: THC/Cannabis. Country: Japan. Status: Banned. Regulation Type: Banned. Authority: MHLW. Reason: Cannabis remains a controlled/banned narcotic in most travel contexts. Alternatives: CBD (zero-THC) products where legal. Traveller Advice: Do not carry across borders even if legal at home.
Medical Cannabis,Various,THC/Cannabis,UAE,Banned,Banned,MOHAP,Cannabis remains a controlled/banned narcotic in most travel contexts,CBD (zero-THC) products where legal,Do not carry across borders even if legal at home,MOHAP Guidelines,2026-07-20,Medicine: Medical Cannabis. Brand: Various. Generic: THC/Cannabis. Country: UAE. Status: Banned. Regulation Type: Banned. Authority: MOHAP. Reason: Cannabis remains a controlled/banned narcotic in most travel contexts. Alternatives: CBD (zero-THC) products where legal. Traveller Advice: Do not carry across borders even if legal at home.
Medical Cannabis,Various,THC/Cannabis,Singapore,Banned,Banned,HSA,Cannabis remains a controlled/banned narcotic in most travel contexts,CBD (zero-THC) products where legal,Do not carry across borders even if legal at home,HSA Guidelines,2026-07-20,Medicine: Medical Cannabis. Brand: Various. Generic: THC/Cannabis. Country: Singapore. Status: Banned. Regulation Type: Banned. Authority: HSA. Reason: Cannabis remains a controlled/banned narcotic in most travel contexts. Alternatives: CBD (zero-THC) products where legal. Traveller Advice: Do not carry across borders even if legal at home.
Medical Cannabis,Various,THC/Cannabis,Australia,Banned,Banned,TGA,Cannabis remains a controlled/banned narcotic in most travel contexts,CBD (zero-THC) products where legal,Do not carry across borders even if legal at home,TGA Guidelines,2026-07-20,Medicine: Medical Cannabis. Brand: Various. Generic: THC/Cannabis. Country: Australia. Status: Banned. Regulation Type: Banned. Authority: TGA. Reason: Cannabis remains a controlled/banned narcotic in most travel contexts. Alternatives: CBD (zero-THC) products where legal. Traveller Advice: Do not carry across borders even if legal at home.
Medical Cannabis,Various,THC/Cannabis,Canada,Restricted,Prescription (domestic only),Health Canada,Legal domestically but illegal to cross international borders with it,CBD (zero-THC) products where legal,Do not carry outside Canada even with prescription,Health Canada Guidelines,2026-07-20,Medicine: Medical Cannabis. Brand: Various. Generic: THC/Cannabis. Country: Canada. Status: Restricted. Regulation Type: Prescription (domestic only). Authority: Health Canada. Reason: Legal domestically but illegal to cross international borders with it. Alternatives: CBD (zero-THC) products where legal. Traveller Advice: Do not carry outside Canada even with prescription.
Medical Cannabis,Various,THC/Cannabis,Germany,Restricted,Prescription,BfArM,Legal for registered medical patients only,CBD (zero-THC) products where legal,Carry prescription and medical certificate,BfArM Guidelines,2026-07-20,Medicine: Medical Cannabis. Brand: Various. Generic: THC/Cannabis. Country: Germany. Status: Restricted. Regulation Type: Prescription. Authority: BfArM. Reason: Legal for registered medical patients only. Alternatives: CBD (zero-THC) products where legal. Traveller Advice: Carry prescription and medical certificate.
Medical Cannabis,Various,THC/Cannabis,France,Banned,Banned,ANSM,Cannabis remains a controlled/banned narcotic in most travel contexts,CBD (zero-THC) products where legal,Do not carry across borders even if legal at home,ANSM Guidelines,2026-07-20,Medicine: Medical Cannabis. Brand: Various. Generic: THC/Cannabis. Country: France. Status: Banned. Regulation Type: Banned. Authority: ANSM. Reason: Cannabis remains a controlled/banned narcotic in most travel contexts. Alternatives: CBD (zero-THC) products where legal. Traveller Advice: Do not carry across borders even if legal at home.
Melatonin,Various,Melatonin,India,Allowed,OTC,CDSCO,"Sleep aid supplement, unrestricted in many countries",Herbal teas (chamomile),Safe to carry in personal-use quantities,CDSCO Guidelines,2026-07-20,"Medicine: Melatonin. Brand: Various. Generic: Melatonin. Country: India. Status: Allowed. Regulation Type: OTC. Authority: CDSCO. Reason: Sleep aid supplement, unrestricted in many countries. Alternatives: Herbal teas (chamomile). Traveller Advice: Safe to carry in personal-use quantities."
Melatonin,Various,Melatonin,USA,Allowed,OTC,FDA / DEA,"Sleep aid supplement, unrestricted in many countries",Herbal teas (chamomile),Safe to carry in personal-use quantities,FDA / DEA Guidelines,2026-07-20,"Medicine: Melatonin. Brand: Various. Generic: Melatonin. Country: USA. Status: Allowed. Regulation Type: OTC. Authority: FDA / DEA. Reason: Sleep aid supplement, unrestricted in many countries. Alternatives: Herbal teas (chamomile). Traveller Advice: Safe to carry in personal-use quantities."
Melatonin,Various,Melatonin,UK,Restricted,Prescription,MHRA / Home Office,Classified as a prescription-only medicine,Herbal teas (chamomile),Carry prescription,MHRA / Home Office Guidelines,2026-07-20,Medicine: Melatonin. Brand: Various. Generic: Melatonin. Country: UK. Status: Restricted. Regulation Type: Prescription. Authority: MHRA / Home Office. Reason: Classified as a prescription-only medicine. Alternatives: Herbal teas (chamomile). Traveller Advice: Carry prescription.
Melatonin,Various,Melatonin,Japan,Restricted,Prescription,MHLW,"Considered a drug requiring prescription, not sold as supplement",Herbal teas (chamomile),Carry prescription or avoid carrying,MHLW Guidelines,2026-07-20,"Medicine: Melatonin. Brand: Various. Generic: Melatonin. Country: Japan. Status: Restricted. Regulation Type: Prescription. Authority: MHLW. Reason: Considered a drug requiring prescription, not sold as supplement. Alternatives: Herbal teas (chamomile). Traveller Advice: Carry prescription or avoid carrying."
Melatonin,Various,Melatonin,UAE,Allowed,OTC,MOHAP,"Sleep aid supplement, unrestricted in many countries",Herbal teas (chamomile),Safe to carry in personal-use quantities,MOHAP Guidelines,2026-07-20,"Medicine: Melatonin. Brand: Various. Generic: Melatonin. Country: UAE. Status: Allowed. Regulation Type: OTC. Authority: MOHAP. Reason: Sleep aid supplement, unrestricted in many countries. Alternatives: Herbal teas (chamomile). Traveller Advice: Safe to carry in personal-use quantities."
Melatonin,Various,Melatonin,Singapore,Allowed,OTC,HSA,"Sleep aid supplement, unrestricted in many countries",Herbal teas (chamomile),Safe to carry in personal-use quantities,HSA Guidelines,2026-07-20,"Medicine: Melatonin. Brand: Various. Generic: Melatonin. Country: Singapore. Status: Allowed. Regulation Type: OTC. Authority: HSA. Reason: Sleep aid supplement, unrestricted in many countries. Alternatives: Herbal teas (chamomile). Traveller Advice: Safe to carry in personal-use quantities."
Melatonin,Various,Melatonin,Australia,Allowed,OTC,TGA,"Sleep aid supplement, unrestricted in many countries",Herbal teas (chamomile),Safe to carry in personal-use quantities,TGA Guidelines,2026-07-20,"Medicine: Melatonin. Brand: Various. Generic: Melatonin. Country: Australia. Status: Allowed. Regulation Type: OTC. Authority: TGA. Reason: Sleep aid supplement, unrestricted in many countries. Alternatives: Herbal teas (chamomile). Traveller Advice: Safe to carry in personal-use quantities."
Melatonin,Various,Melatonin,Canada,Allowed,OTC,Health Canada,"Sleep aid supplement, unrestricted in many countries",Herbal teas (chamomile),Safe to carry in personal-use quantities,Health Canada Guidelines,2026-07-20,"Medicine: Melatonin. Brand: Various. Generic: Melatonin. Country: Canada. Status: Allowed. Regulation Type: OTC. Authority: Health Canada. Reason: Sleep aid supplement, unrestricted in many countries. Alternatives: Herbal teas (chamomile). Traveller Advice: Safe to carry in personal-use quantities."
Melatonin,Various,Melatonin,Germany,Restricted,Prescription,BfArM,Classified as a prescription-only medicine,Herbal teas (chamomile),Carry prescription,BfArM Guidelines,2026-07-20,Medicine: Melatonin. Brand: Various. Generic: Melatonin. Country: Germany. Status: Restricted. Regulation Type: Prescription. Authority: BfArM. Reason: Classified as a prescription-only medicine. Alternatives: Herbal teas (chamomile). Traveller Advice: Carry prescription.
Melatonin,Various,Melatonin,France,Restricted,Prescription/Quantity-limited,ANSM,Higher doses require prescription,Herbal teas (chamomile),Carry low-dose product or prescription,ANSM Guidelines,2026-07-20,Medicine: Melatonin. Brand: Various. Generic: Melatonin. Country: France. Status: Restricted. Regulation Type: Prescription/Quantity-limited. Authority: ANSM. Reason: Higher doses require prescription. Alternatives: Herbal teas (chamomile). Traveller Advice: Carry low-dose product or prescription.
Zolpidem,Ambien / Stilnox,Zolpidem,India,Restricted,Controlled Substance,CDSCO,"Sedative-hypnotic, controlled due to dependence risk",Melatonin (where legal),Carry prescription; check import quantity limits,CDSCO Guidelines,2026-07-20,"Medicine: Zolpidem. Brand: Ambien / Stilnox. Generic: Zolpidem. Country: India. Status: Restricted. Regulation Type: Controlled Substance. Authority: CDSCO. Reason: Sedative-hypnotic, controlled due to dependence risk. Alternatives: Melatonin (where legal). Traveller Advice: Carry prescription; check import quantity limits."
Zolpidem,Ambien / Stilnox,Zolpidem,USA,Restricted,Controlled Substance,FDA / DEA,"Sedative-hypnotic, controlled due to dependence risk",Melatonin (where legal),Carry prescription; check import quantity limits,FDA / DEA Guidelines,2026-07-20,"Medicine: Zolpidem. Brand: Ambien / Stilnox. Generic: Zolpidem. Country: USA. Status: Restricted. Regulation Type: Controlled Substance. Authority: FDA / DEA. Reason: Sedative-hypnotic, controlled due to dependence risk. Alternatives: Melatonin (where legal). Traveller Advice: Carry prescription; check import quantity limits."
Zolpidem,Ambien / Stilnox,Zolpidem,UK,Restricted,Controlled Substance,MHRA / Home Office,"Sedative-hypnotic, controlled due to dependence risk",Melatonin (where legal),Carry prescription; check import quantity limits,MHRA / Home Office Guidelines,2026-07-20,"Medicine: Zolpidem. Brand: Ambien / Stilnox. Generic: Zolpidem. Country: UK. Status: Restricted. Regulation Type: Controlled Substance. Authority: MHRA / Home Office. Reason: Sedative-hypnotic, controlled due to dependence risk. Alternatives: Melatonin (where legal). Traveller Advice: Carry prescription; check import quantity limits."
Zolpidem,Ambien / Stilnox,Zolpidem,Japan,Restricted,Controlled Substance,MHLW,"Sedative-hypnotic, controlled due to dependence risk",Melatonin (where legal),Carry prescription; check import quantity limits,MHLW Guidelines,2026-07-20,"Medicine: Zolpidem. Brand: Ambien / Stilnox. Generic: Zolpidem. Country: Japan. Status: Restricted. Regulation Type: Controlled Substance. Authority: MHLW. Reason: Sedative-hypnotic, controlled due to dependence risk. Alternatives: Melatonin (where legal). Traveller Advice: Carry prescription; check import quantity limits."
Zolpidem,Ambien / Stilnox,Zolpidem,UAE,Restricted,Controlled Substance,MOHAP,Controlled psychotropic; import permit generally required,Melatonin (where legal),Apply for MOHAP permit and carry prescription,MOHAP Guidelines,2026-07-20,Medicine: Zolpidem. Brand: Ambien / Stilnox. Generic: Zolpidem. Country: UAE. Status: Restricted. Regulation Type: Controlled Substance. Authority: MOHAP. Reason: Controlled psychotropic; import permit generally required. Alternatives: Melatonin (where legal). Traveller Advice: Apply for MOHAP permit and carry prescription.
Zolpidem,Ambien / Stilnox,Zolpidem,Singapore,Restricted,Controlled Substance,HSA,"Sedative-hypnotic, controlled due to dependence risk",Melatonin (where legal),Carry prescription; check import quantity limits,HSA Guidelines,2026-07-20,"Medicine: Zolpidem. Brand: Ambien / Stilnox. Generic: Zolpidem. Country: Singapore. Status: Restricted. Regulation Type: Controlled Substance. Authority: HSA. Reason: Sedative-hypnotic, controlled due to dependence risk. Alternatives: Melatonin (where legal). Traveller Advice: Carry prescription; check import quantity limits."
Zolpidem,Ambien / Stilnox,Zolpidem,Australia,Restricted,Controlled Substance,TGA,"Sedative-hypnotic, controlled due to dependence risk",Melatonin (where legal),Carry prescription; check import quantity limits,TGA Guidelines,2026-07-20,"Medicine: Zolpidem. Brand: Ambien / Stilnox. Generic: Zolpidem. Country: Australia. Status: Restricted. Regulation Type: Controlled Substance. Authority: TGA. Reason: Sedative-hypnotic, controlled due to dependence risk. Alternatives: Melatonin (where legal). Traveller Advice: Carry prescription; check import quantity limits."
Zolpidem,Ambien / Stilnox,Zolpidem,Canada,Restricted,Controlled Substance,Health Canada,"Sedative-hypnotic, controlled due to dependence risk",Melatonin (where legal),Carry prescription; check import quantity limits,Health Canada Guidelines,2026-07-20,"Medicine: Zolpidem. Brand: Ambien / Stilnox. Generic: Zolpidem. Country: Canada. Status: Restricted. Regulation Type: Controlled Substance. Authority: Health Canada. Reason: Sedative-hypnotic, controlled due to dependence risk. Alternatives: Melatonin (where legal). Traveller Advice: Carry prescription; check import quantity limits."
Zolpidem,Ambien / Stilnox,Zolpidem,Germany,Restricted,Controlled Substance,BfArM,"Sedative-hypnotic, controlled due to dependence risk",Melatonin (where legal),Carry prescription; check import quantity limits,BfArM Guidelines,2026-07-20,"Medicine: Zolpidem. Brand: Ambien / Stilnox. Generic: Zolpidem. Country: Germany. Status: Restricted. Regulation Type: Controlled Substance. Authority: BfArM. Reason: Sedative-hypnotic, controlled due to dependence risk. Alternatives: Melatonin (where legal). Traveller Advice: Carry prescription; check import quantity limits."
Zolpidem,Ambien / Stilnox,Zolpidem,France,Restricted,Controlled Substance,ANSM,"Sedative-hypnotic, controlled due to dependence risk",Melatonin (where legal),Carry prescription; check import quantity limits,ANSM Guidelines,2026-07-20,"Medicine: Zolpidem. Brand: Ambien / Stilnox. Generic: Zolpidem. Country: France. Status: Restricted. Regulation Type: Controlled Substance. Authority: ANSM. Reason: Sedative-hypnotic, controlled due to dependence risk. Alternatives: Melatonin (where legal). Traveller Advice: Carry prescription; check import quantity limits."
Insulin,Humalog / Lantus,Insulin,India,Allowed,Prescription,CDSCO,Essential medicine for diabetes management,N/A,"Carry prescription, cold-chain packaging, and doctor's letter",CDSCO Guidelines,2026-07-20,"Medicine: Insulin. Brand: Humalog / Lantus. Generic: Insulin. Country: India. Status: Allowed. Regulation Type: Prescription. Authority: CDSCO. Reason: Essential medicine for diabetes management. Alternatives: N/A. Traveller Advice: Carry prescription, cold-chain packaging, and doctor's letter."
Insulin,Humalog / Lantus,Insulin,USA,Allowed,Prescription,FDA / DEA,Essential medicine for diabetes management,N/A,"Carry prescription, cold-chain packaging, and doctor's letter",FDA / DEA Guidelines,2026-07-20,"Medicine: Insulin. Brand: Humalog / Lantus. Generic: Insulin. Country: USA. Status: Allowed. Regulation Type: Prescription. Authority: FDA / DEA. Reason: Essential medicine for diabetes management. Alternatives: N/A. Traveller Advice: Carry prescription, cold-chain packaging, and doctor's letter."
Insulin,Humalog / Lantus,Insulin,UK,Allowed,Prescription,MHRA / Home Office,Essential medicine for diabetes management,N/A,"Carry prescription, cold-chain packaging, and doctor's letter",MHRA / Home Office Guidelines,2026-07-20,"Medicine: Insulin. Brand: Humalog / Lantus. Generic: Insulin. Country: UK. Status: Allowed. Regulation Type: Prescription. Authority: MHRA / Home Office. Reason: Essential medicine for diabetes management. Alternatives: N/A. Traveller Advice: Carry prescription, cold-chain packaging, and doctor's letter."
Insulin,Humalog / Lantus,Insulin,Japan,Allowed,Prescription,MHLW,Essential medicine for diabetes management,N/A,"Carry prescription, cold-chain packaging, and doctor's letter",MHLW Guidelines,2026-07-20,"Medicine: Insulin. Brand: Humalog / Lantus. Generic: Insulin. Country: Japan. Status: Allowed. Regulation Type: Prescription. Authority: MHLW. Reason: Essential medicine for diabetes management. Alternatives: N/A. Traveller Advice: Carry prescription, cold-chain packaging, and doctor's letter."
Insulin,Humalog / Lantus,Insulin,UAE,Allowed,Prescription,MOHAP,Essential medicine for diabetes management,N/A,"Carry prescription, cold-chain packaging, and doctor's letter",MOHAP Guidelines,2026-07-20,"Medicine: Insulin. Brand: Humalog / Lantus. Generic: Insulin. Country: UAE. Status: Allowed. Regulation Type: Prescription. Authority: MOHAP. Reason: Essential medicine for diabetes management. Alternatives: N/A. Traveller Advice: Carry prescription, cold-chain packaging, and doctor's letter."
Insulin,Humalog / Lantus,Insulin,Singapore,Allowed,Prescription,HSA,Essential medicine for diabetes management,N/A,"Carry prescription, cold-chain packaging, and doctor's letter",HSA Guidelines,2026-07-20,"Medicine: Insulin. Brand: Humalog / Lantus. Generic: Insulin. Country: Singapore. Status: Allowed. Regulation Type: Prescription. Authority: HSA. Reason: Essential medicine for diabetes management. Alternatives: N/A. Traveller Advice: Carry prescription, cold-chain packaging, and doctor's letter."
Insulin,Humalog / Lantus,Insulin,Australia,Allowed,Prescription,TGA,Essential medicine for diabetes management,N/A,"Carry prescription, cold-chain packaging, and doctor's letter",TGA Guidelines,2026-07-20,"Medicine: Insulin. Brand: Humalog / Lantus. Generic: Insulin. Country: Australia. Status: Allowed. Regulation Type: Prescription. Authority: TGA. Reason: Essential medicine for diabetes management. Alternatives: N/A. Traveller Advice: Carry prescription, cold-chain packaging, and doctor's letter."
Insulin,Humalog / Lantus,Insulin,Canada,Allowed,Prescription,Health Canada,Essential medicine for diabetes management,N/A,"Carry prescription, cold-chain packaging, and doctor's letter",Health Canada Guidelines,2026-07-20,"Medicine: Insulin. Brand: Humalog / Lantus. Generic: Insulin. Country: Canada. Status: Allowed. Regulation Type: Prescription. Authority: Health Canada. Reason: Essential medicine for diabetes management. Alternatives: N/A. Traveller Advice: Carry prescription, cold-chain packaging, and doctor's letter."
Insulin,Humalog / Lantus,Insulin,Germany,Allowed,Prescription,BfArM,Essential medicine for diabetes management,N/A,"Carry prescription, cold-chain packaging, and doctor's letter",BfArM Guidelines,2026-07-20,"Medicine: Insulin. Brand: Humalog / Lantus. Generic: Insulin. Country: Germany. Status: Allowed. Regulation Type: Prescription. Authority: BfArM. Reason: Essential medicine for diabetes management. Alternatives: N/A. Traveller Advice: Carry prescription, cold-chain packaging, and doctor's letter."
Insulin,Humalog / Lantus,Insulin,France,Allowed,Prescription,ANSM,Essential medicine for diabetes management,N/A,"Carry prescription, cold-chain packaging, and doctor's letter",ANSM Guidelines,2026-07-20,"Medicine: Insulin. Brand: Humalog / Lantus. Generic: Insulin. Country: France. Status: Allowed. Regulation Type: Prescription. Authority: ANSM. Reason: Essential medicine for diabetes management. Alternatives: N/A. Traveller Advice: Carry prescription, cold-chain packaging, and doctor's letter."
Salbutamol Inhaler,Ventolin,Salbutamol/Albuterol,India,Allowed,OTC/Prescription,CDSCO,"Standard asthma reliever, generally allowed for personal use",N/A,Carry prescription for larger quantities,CDSCO Guidelines,2026-07-20,"Medicine: Salbutamol Inhaler. Brand: Ventolin. Generic: Salbutamol/Albuterol. Country: India. Status: Allowed. Regulation Type: OTC/Prescription. Authority: CDSCO. Reason: Standard asthma reliever, generally allowed for personal use. Alternatives: N/A. Traveller Advice: Carry prescription for larger quantities."
Salbutamol Inhaler,Ventolin,Salbutamol/Albuterol,USA,Allowed,OTC/Prescription,FDA / DEA,"Standard asthma reliever, generally allowed for personal use",N/A,Carry prescription for larger quantities,FDA / DEA Guidelines,2026-07-20,"Medicine: Salbutamol Inhaler. Brand: Ventolin. Generic: Salbutamol/Albuterol. Country: USA. Status: Allowed. Regulation Type: OTC/Prescription. Authority: FDA / DEA. Reason: Standard asthma reliever, generally allowed for personal use. Alternatives: N/A. Traveller Advice: Carry prescription for larger quantities."
Salbutamol Inhaler,Ventolin,Salbutamol/Albuterol,UK,Allowed,OTC/Prescription,MHRA / Home Office,"Standard asthma reliever, generally allowed for personal use",N/A,Carry prescription for larger quantities,MHRA / Home Office Guidelines,2026-07-20,"Medicine: Salbutamol Inhaler. Brand: Ventolin. Generic: Salbutamol/Albuterol. Country: UK. Status: Allowed. Regulation Type: OTC/Prescription. Authority: MHRA / Home Office. Reason: Standard asthma reliever, generally allowed for personal use. Alternatives: N/A. Traveller Advice: Carry prescription for larger quantities."
Salbutamol Inhaler,Ventolin,Salbutamol/Albuterol,Japan,Allowed,OTC/Prescription,MHLW,"Standard asthma reliever, generally allowed for personal use",N/A,Carry prescription for larger quantities,MHLW Guidelines,2026-07-20,"Medicine: Salbutamol Inhaler. Brand: Ventolin. Generic: Salbutamol/Albuterol. Country: Japan. Status: Allowed. Regulation Type: OTC/Prescription. Authority: MHLW. Reason: Standard asthma reliever, generally allowed for personal use. Alternatives: N/A. Traveller Advice: Carry prescription for larger quantities."
Salbutamol Inhaler,Ventolin,Salbutamol/Albuterol,UAE,Allowed,OTC/Prescription,MOHAP,"Standard asthma reliever, generally allowed for personal use",N/A,Carry prescription for larger quantities,MOHAP Guidelines,2026-07-20,"Medicine: Salbutamol Inhaler. Brand: Ventolin. Generic: Salbutamol/Albuterol. Country: UAE. Status: Allowed. Regulation Type: OTC/Prescription. Authority: MOHAP. Reason: Standard asthma reliever, generally allowed for personal use. Alternatives: N/A. Traveller Advice: Carry prescription for larger quantities."
Salbutamol Inhaler,Ventolin,Salbutamol/Albuterol,Singapore,Allowed,OTC/Prescription,HSA,"Standard asthma reliever, generally allowed for personal use",N/A,Carry prescription for larger quantities,HSA Guidelines,2026-07-20,"Medicine: Salbutamol Inhaler. Brand: Ventolin. Generic: Salbutamol/Albuterol. Country: Singapore. Status: Allowed. Regulation Type: OTC/Prescription. Authority: HSA. Reason: Standard asthma reliever, generally allowed for personal use. Alternatives: N/A. Traveller Advice: Carry prescription for larger quantities."
Salbutamol Inhaler,Ventolin,Salbutamol/Albuterol,Australia,Allowed,OTC/Prescription,TGA,"Standard asthma reliever, generally allowed for personal use",N/A,Carry prescription for larger quantities,TGA Guidelines,2026-07-20,"Medicine: Salbutamol Inhaler. Brand: Ventolin. Generic: Salbutamol/Albuterol. Country: Australia. Status: Allowed. Regulation Type: OTC/Prescription. Authority: TGA. Reason: Standard asthma reliever, generally allowed for personal use. Alternatives: N/A. Traveller Advice: Carry prescription for larger quantities."
Salbutamol Inhaler,Ventolin,Salbutamol/Albuterol,Canada,Allowed,OTC/Prescription,Health Canada,"Standard asthma reliever, generally allowed for personal use",N/A,Carry prescription for larger quantities,Health Canada Guidelines,2026-07-20,"Medicine: Salbutamol Inhaler. Brand: Ventolin. Generic: Salbutamol/Albuterol. Country: Canada. Status: Allowed. Regulation Type: OTC/Prescription. Authority: Health Canada. Reason: Standard asthma reliever, generally allowed for personal use. Alternatives: N/A. Traveller Advice: Carry prescription for larger quantities."
Salbutamol Inhaler,Ventolin,Salbutamol/Albuterol,Germany,Allowed,OTC/Prescription,BfArM,"Standard asthma reliever, generally allowed for personal use",N/A,Carry prescription for larger quantities,BfArM Guidelines,2026-07-20,"Medicine: Salbutamol Inhaler. Brand: Ventolin. Generic: Salbutamol/Albuterol. Country: Germany. Status: Allowed. Regulation Type: OTC/Prescription. Authority: BfArM. Reason: Standard asthma reliever, generally allowed for personal use. Alternatives: N/A. Traveller Advice: Carry prescription for larger quantities."
Salbutamol Inhaler,Ventolin,Salbutamol/Albuterol,France,Allowed,OTC/Prescription,ANSM,"Standard asthma reliever, generally allowed for personal use",N/A,Carry prescription for larger quantities,ANSM Guidelines,2026-07-20,"Medicine: Salbutamol Inhaler. Brand: Ventolin. Generic: Salbutamol/Albuterol. Country: France. Status: Allowed. Regulation Type: OTC/Prescription. Authority: ANSM. Reason: Standard asthma reliever, generally allowed for personal use. Alternatives: N/A. Traveller Advice: Carry prescription for larger quantities."
Amoxicillin,Amoxil / Novamox,Amoxicillin,India,Allowed,Prescription,CDSCO,"Common antibiotic, prescription required but not restricted for travel",Consult doctor for alternative antibiotic,Carry prescription,CDSCO Guidelines,2026-07-20,"Medicine: Amoxicillin. Brand: Amoxil / Novamox. Generic: Amoxicillin. Country: India. Status: Allowed. Regulation Type: Prescription. Authority: CDSCO. Reason: Common antibiotic, prescription required but not restricted for travel. Alternatives: Consult doctor for alternative antibiotic. Traveller Advice: Carry prescription."
Amoxicillin,Amoxil / Novamox,Amoxicillin,USA,Allowed,Prescription,FDA / DEA,"Common antibiotic, prescription required but not restricted for travel",Consult doctor for alternative antibiotic,Carry prescription,FDA / DEA Guidelines,2026-07-20,"Medicine: Amoxicillin. Brand: Amoxil / Novamox. Generic: Amoxicillin. Country: USA. Status: Allowed. Regulation Type: Prescription. Authority: FDA / DEA. Reason: Common antibiotic, prescription required but not restricted for travel. Alternatives: Consult doctor for alternative antibiotic. Traveller Advice: Carry prescription."
Amoxicillin,Amoxil / Novamox,Amoxicillin,UK,Allowed,Prescription,MHRA / Home Office,"Common antibiotic, prescription required but not restricted for travel",Consult doctor for alternative antibiotic,Carry prescription,MHRA / Home Office Guidelines,2026-07-20,"Medicine: Amoxicillin. Brand: Amoxil / Novamox. Generic: Amoxicillin. Country: UK. Status: Allowed. Regulation Type: Prescription. Authority: MHRA / Home Office. Reason: Common antibiotic, prescription required but not restricted for travel. Alternatives: Consult doctor for alternative antibiotic. Traveller Advice: Carry prescription."
Amoxicillin,Amoxil / Novamox,Amoxicillin,Japan,Allowed,Prescription,MHLW,"Common antibiotic, prescription required but not restricted for travel",Consult doctor for alternative antibiotic,Carry prescription,MHLW Guidelines,2026-07-20,"Medicine: Amoxicillin. Brand: Amoxil / Novamox. Generic: Amoxicillin. Country: Japan. Status: Allowed. Regulation Type: Prescription. Authority: MHLW. Reason: Common antibiotic, prescription required but not restricted for travel. Alternatives: Consult doctor for alternative antibiotic. Traveller Advice: Carry prescription."
Amoxicillin,Amoxil / Novamox,Amoxicillin,UAE,Allowed,Prescription,MOHAP,"Common antibiotic, prescription required but not restricted for travel",Consult doctor for alternative antibiotic,Carry prescription,MOHAP Guidelines,2026-07-20,"Medicine: Amoxicillin. Brand: Amoxil / Novamox. Generic: Amoxicillin. Country: UAE. Status: Allowed. Regulation Type: Prescription. Authority: MOHAP. Reason: Common antibiotic, prescription required but not restricted for travel. Alternatives: Consult doctor for alternative antibiotic. Traveller Advice: Carry prescription."
Amoxicillin,Amoxil / Novamox,Amoxicillin,Singapore,Allowed,Prescription,HSA,"Common antibiotic, prescription required but not restricted for travel",Consult doctor for alternative antibiotic,Carry prescription,HSA Guidelines,2026-07-20,"Medicine: Amoxicillin. Brand: Amoxil / Novamox. Generic: Amoxicillin. Country: Singapore. Status: Allowed. Regulation Type: Prescription. Authority: HSA. Reason: Common antibiotic, prescription required but not restricted for travel. Alternatives: Consult doctor for alternative antibiotic. Traveller Advice: Carry prescription."
Amoxicillin,Amoxil / Novamox,Amoxicillin,Australia,Allowed,Prescription,TGA,"Common antibiotic, prescription required but not restricted for travel",Consult doctor for alternative antibiotic,Carry prescription,TGA Guidelines,2026-07-20,"Medicine: Amoxicillin. Brand: Amoxil / Novamox. Generic: Amoxicillin. Country: Australia. Status: Allowed. Regulation Type: Prescription. Authority: TGA. Reason: Common antibiotic, prescription required but not restricted for travel. Alternatives: Consult doctor for alternative antibiotic. Traveller Advice: Carry prescription."
Amoxicillin,Amoxil / Novamox,Amoxicillin,Canada,Allowed,Prescription,Health Canada,"Common antibiotic, prescription required but not restricted for travel",Consult doctor for alternative antibiotic,Carry prescription,Health Canada Guidelines,2026-07-20,"Medicine: Amoxicillin. Brand: Amoxil / Novamox. Generic: Amoxicillin. Country: Canada. Status: Allowed. Regulation Type: Prescription. Authority: Health Canada. Reason: Common antibiotic, prescription required but not restricted for travel. Alternatives: Consult doctor for alternative antibiotic. Traveller Advice: Carry prescription."
Amoxicillin,Amoxil / Novamox,Amoxicillin,Germany,Allowed,Prescription,BfArM,"Common antibiotic, prescription required but not restricted for travel",Consult doctor for alternative antibiotic,Carry prescription,BfArM Guidelines,2026-07-20,"Medicine: Amoxicillin. Brand: Amoxil / Novamox. Generic: Amoxicillin. Country: Germany. Status: Allowed. Regulation Type: Prescription. Authority: BfArM. Reason: Common antibiotic, prescription required but not restricted for travel. Alternatives: Consult doctor for alternative antibiotic. Traveller Advice: Carry prescription."
Amoxicillin,Amoxil / Novamox,Amoxicillin,France,Allowed,Prescription,ANSM,"Common antibiotic, prescription required but not restricted for travel",Consult doctor for alternative antibiotic,Carry prescription,ANSM Guidelines,2026-07-20,"Medicine: Amoxicillin. Brand: Amoxil / Novamox. Generic: Amoxicillin. Country: France. Status: Allowed. Regulation Type: Prescription. Authority: ANSM. Reason: Common antibiotic, prescription required but not restricted for travel. Alternatives: Consult doctor for alternative antibiotic. Traveller Advice: Carry prescription."
Azithromycin,Zithromax / Azithral,Azithromycin,India,Allowed,Prescription,CDSCO,"Common antibiotic, prescription required but not restricted for travel",Consult doctor for alternative antibiotic,Carry prescription,CDSCO Guidelines,2026-07-20,"Medicine: Azithromycin. Brand: Zithromax / Azithral. Generic: Azithromycin. Country: India. Status: Allowed. Regulation Type: Prescription. Authority: CDSCO. Reason: Common antibiotic, prescription required but not restricted for travel. Alternatives: Consult doctor for alternative antibiotic. Traveller Advice: Carry prescription."
Azithromycin,Zithromax / Azithral,Azithromycin,USA,Allowed,Prescription,FDA / DEA,"Common antibiotic, prescription required but not restricted for travel",Consult doctor for alternative antibiotic,Carry prescription,FDA / DEA Guidelines,2026-07-20,"Medicine: Azithromycin. Brand: Zithromax / Azithral. Generic: Azithromycin. Country: USA. Status: Allowed. Regulation Type: Prescription. Authority: FDA / DEA. Reason: Common antibiotic, prescription required but not restricted for travel. Alternatives: Consult doctor for alternative antibiotic. Traveller Advice: Carry prescription."
Azithromycin,Zithromax / Azithral,Azithromycin,UK,Allowed,Prescription,MHRA / Home Office,"Common antibiotic, prescription required but not restricted for travel",Consult doctor for alternative antibiotic,Carry prescription,MHRA / Home Office Guidelines,2026-07-20,"Medicine: Azithromycin. Brand: Zithromax / Azithral. Generic: Azithromycin. Country: UK. Status: Allowed. Regulation Type: Prescription. Authority: MHRA / Home Office. Reason: Common antibiotic, prescription required but not restricted for travel. Alternatives: Consult doctor for alternative antibiotic. Traveller Advice: Carry prescription."
Azithromycin,Zithromax / Azithral,Azithromycin,Japan,Allowed,Prescription,MHLW,"Common antibiotic, prescription required but not restricted for travel",Consult doctor for alternative antibiotic,Carry prescription,MHLW Guidelines,2026-07-20,"Medicine: Azithromycin. Brand: Zithromax / Azithral. Generic: Azithromycin. Country: Japan. Status: Allowed. Regulation Type: Prescription. Authority: MHLW. Reason: Common antibiotic, prescription required but not restricted for travel. Alternatives: Consult doctor for alternative antibiotic. Traveller Advice: Carry prescription."
Azithromycin,Zithromax / Azithral,Azithromycin,UAE,Allowed,Prescription,MOHAP,"Common antibiotic, prescription required but not restricted for travel",Consult doctor for alternative antibiotic,Carry prescription,MOHAP Guidelines,2026-07-20,"Medicine: Azithromycin. Brand: Zithromax / Azithral. Generic: Azithromycin. Country: UAE. Status: Allowed. Regulation Type: Prescription. Authority: MOHAP. Reason: Common antibiotic, prescription required but not restricted for travel. Alternatives: Consult doctor for alternative antibiotic. Traveller Advice: Carry prescription."
Azithromycin,Zithromax / Azithral,Azithromycin,Singapore,Allowed,Prescription,HSA,"Common antibiotic, prescription required but not restricted for travel",Consult doctor for alternative antibiotic,Carry prescription,HSA Guidelines,2026-07-20,"Medicine: Azithromycin. Brand: Zithromax / Azithral. Generic: Azithromycin. Country: Singapore. Status: Allowed. Regulation Type: Prescription. Authority: HSA. Reason: Common antibiotic, prescription required but not restricted for travel. Alternatives: Consult doctor for alternative antibiotic. Traveller Advice: Carry prescription."
Azithromycin,Zithromax / Azithral,Azithromycin,Australia,Allowed,Prescription,TGA,"Common antibiotic, prescription required but not restricted for travel",Consult doctor for alternative antibiotic,Carry prescription,TGA Guidelines,2026-07-20,"Medicine: Azithromycin. Brand: Zithromax / Azithral. Generic: Azithromycin. Country: Australia. Status: Allowed. Regulation Type: Prescription. Authority: TGA. Reason: Common antibiotic, prescription required but not restricted for travel. Alternatives: Consult doctor for alternative antibiotic. Traveller Advice: Carry prescription."
Azithromycin,Zithromax / Azithral,Azithromycin,Canada,Allowed,Prescription,Health Canada,"Common antibiotic, prescription required but not restricted for travel",Consult doctor for alternative antibiotic,Carry prescription,Health Canada Guidelines,2026-07-20,"Medicine: Azithromycin. Brand: Zithromax / Azithral. Generic: Azithromycin. Country: Canada. Status: Allowed. Regulation Type: Prescription. Authority: Health Canada. Reason: Common antibiotic, prescription required but not restricted for travel. Alternatives: Consult doctor for alternative antibiotic. Traveller Advice: Carry prescription."
Azithromycin,Zithromax / Azithral,Azithromycin,Germany,Allowed,Prescription,BfArM,"Common antibiotic, prescription required but not restricted for travel",Consult doctor for alternative antibiotic,Carry prescription,BfArM Guidelines,2026-07-20,"Medicine: Azithromycin. Brand: Zithromax / Azithral. Generic: Azithromycin. Country: Germany. Status: Allowed. Regulation Type: Prescription. Authority: BfArM. Reason: Common antibiotic, prescription required but not restricted for travel. Alternatives: Consult doctor for alternative antibiotic. Traveller Advice: Carry prescription."
Azithromycin,Zithromax / Azithral,Azithromycin,France,Allowed,Prescription,ANSM,"Common antibiotic, prescription required but not restricted for travel",Consult doctor for alternative antibiotic,Carry prescription,ANSM Guidelines,2026-07-20,"Medicine: Azithromycin. Brand: Zithromax / Azithral. Generic: Azithromycin. Country: France. Status: Allowed. Regulation Type: Prescription. Authority: ANSM. Reason: Common antibiotic, prescription required but not restricted for travel. Alternatives: Consult doctor for alternative antibiotic. Traveller Advice: Carry prescription."
Ciprofloxacin,Cipro / Ciplox,Ciprofloxacin,India,Allowed,Prescription,CDSCO,"Common antibiotic, prescription required but not restricted for travel",Consult doctor for alternative antibiotic,Carry prescription,CDSCO Guidelines,2026-07-20,"Medicine: Ciprofloxacin. Brand: Cipro / Ciplox. Generic: Ciprofloxacin. Country: India. Status: Allowed. Regulation Type: Prescription. Authority: CDSCO. Reason: Common antibiotic, prescription required but not restricted for travel. Alternatives: Consult doctor for alternative antibiotic. Traveller Advice: Carry prescription."
Ciprofloxacin,Cipro / Ciplox,Ciprofloxacin,USA,Allowed,Prescription,FDA / DEA,"Common antibiotic, prescription required but not restricted for travel",Consult doctor for alternative antibiotic,Carry prescription,FDA / DEA Guidelines,2026-07-20,"Medicine: Ciprofloxacin. Brand: Cipro / Ciplox. Generic: Ciprofloxacin. Country: USA. Status: Allowed. Regulation Type: Prescription. Authority: FDA / DEA. Reason: Common antibiotic, prescription required but not restricted for travel. Alternatives: Consult doctor for alternative antibiotic. Traveller Advice: Carry prescription."
Ciprofloxacin,Cipro / Ciplox,Ciprofloxacin,UK,Allowed,Prescription,MHRA / Home Office,"Common antibiotic, prescription required but not restricted for travel",Consult doctor for alternative antibiotic,Carry prescription,MHRA / Home Office Guidelines,2026-07-20,"Medicine: Ciprofloxacin. Brand: Cipro / Ciplox. Generic: Ciprofloxacin. Country: UK. Status: Allowed. Regulation Type: Prescription. Authority: MHRA / Home Office. Reason: Common antibiotic, prescription required but not restricted for travel. Alternatives: Consult doctor for alternative antibiotic. Traveller Advice: Carry prescription."
Ciprofloxacin,Cipro / Ciplox,Ciprofloxacin,Japan,Allowed,Prescription,MHLW,"Common antibiotic, prescription required but not restricted for travel",Consult doctor for alternative antibiotic,Carry prescription,MHLW Guidelines,2026-07-20,"Medicine: Ciprofloxacin. Brand: Cipro / Ciplox. Generic: Ciprofloxacin. Country: Japan. Status: Allowed. Regulation Type: Prescription. Authority: MHLW. Reason: Common antibiotic, prescription required but not restricted for travel. Alternatives: Consult doctor for alternative antibiotic. Traveller Advice: Carry prescription."
Ciprofloxacin,Cipro / Ciplox,Ciprofloxacin,UAE,Allowed,Prescription,MOHAP,"Common antibiotic, prescription required but not restricted for travel",Consult doctor for alternative antibiotic,Carry prescription,MOHAP Guidelines,2026-07-20,"Medicine: Ciprofloxacin. Brand: Cipro / Ciplox. Generic: Ciprofloxacin. Country: UAE. Status: Allowed. Regulation Type: Prescription. Authority: MOHAP. Reason: Common antibiotic, prescription required but not restricted for travel. Alternatives: Consult doctor for alternative antibiotic. Traveller Advice: Carry prescription."
Ciprofloxacin,Cipro / Ciplox,Ciprofloxacin,Singapore,Allowed,Prescription,HSA,"Common antibiotic, prescription required but not restricted for travel",Consult doctor for alternative antibiotic,Carry prescription,HSA Guidelines,2026-07-20,"Medicine: Ciprofloxacin. Brand: Cipro / Ciplox. Generic: Ciprofloxacin. Country: Singapore. Status: Allowed. Regulation Type: Prescription. Authority: HSA. Reason: Common antibiotic, prescription required but not restricted for travel. Alternatives: Consult doctor for alternative antibiotic. Traveller Advice: Carry prescription."
Ciprofloxacin,Cipro / Ciplox,Ciprofloxacin,Australia,Allowed,Prescription,TGA,"Common antibiotic, prescription required but not restricted for travel",Consult doctor for alternative antibiotic,Carry prescription,TGA Guidelines,2026-07-20,"Medicine: Ciprofloxacin. Brand: Cipro / Ciplox. Generic: Ciprofloxacin. Country: Australia. Status: Allowed. Regulation Type: Prescription. Authority: TGA. Reason: Common antibiotic, prescription required but not restricted for travel. Alternatives: Consult doctor for alternative antibiotic. Traveller Advice: Carry prescription."
Ciprofloxacin,Cipro / Ciplox,Ciprofloxacin,Canada,Allowed,Prescription,Health Canada,"Common antibiotic, prescription required but not restricted for travel",Consult doctor for alternative antibiotic,Carry prescription,Health Canada Guidelines,2026-07-20,"Medicine: Ciprofloxacin. Brand: Cipro / Ciplox. Generic: Ciprofloxacin. Country: Canada. Status: Allowed. Regulation Type: Prescription. Authority: Health Canada. Reason: Common antibiotic, prescription required but not restricted for travel. Alternatives: Consult doctor for alternative antibiotic. Traveller Advice: Carry prescription."
Ciprofloxacin,Cipro / Ciplox,Ciprofloxacin,Germany,Allowed,Prescription,BfArM,"Common antibiotic, prescription required but not restricted for travel",Consult doctor for alternative antibiotic,Carry prescription,BfArM Guidelines,2026-07-20,"Medicine: Ciprofloxacin. Brand: Cipro / Ciplox. Generic: Ciprofloxacin. Country: Germany. Status: Allowed. Regulation Type: Prescription. Authority: BfArM. Reason: Common antibiotic, prescription required but not restricted for travel. Alternatives: Consult doctor for alternative antibiotic. Traveller Advice: Carry prescription."
Ciprofloxacin,Cipro / Ciplox,Ciprofloxacin,France,Allowed,Prescription,ANSM,"Common antibiotic, prescription required but not restricted for travel",Consult doctor for alternative antibiotic,Carry prescription,ANSM Guidelines,2026-07-20,"Medicine: Ciprofloxacin. Brand: Cipro / Ciplox. Generic: Ciprofloxacin. Country: France. Status: Allowed. Regulation Type: Prescription. Authority: ANSM. Reason: Common antibiotic, prescription required but not restricted for travel. Alternatives: Consult doctor for alternative antibiotic. Traveller Advice: Carry prescription."
Metformin,Glucophage,Metformin,India,Allowed,Prescription,CDSCO,"Standard diabetes medication, not restricted for travel",N/A,Carry prescription,CDSCO Guidelines,2026-07-20,"Medicine: Metformin. Brand: Glucophage. Generic: Metformin. Country: India. Status: Allowed. Regulation Type: Prescription. Authority: CDSCO. Reason: Standard diabetes medication, not restricted for travel. Alternatives: N/A. Traveller Advice: Carry prescription."
Metformin,Glucophage,Metformin,USA,Allowed,Prescription,FDA / DEA,"Standard diabetes medication, not restricted for travel",N/A,Carry prescription,FDA / DEA Guidelines,2026-07-20,"Medicine: Metformin. Brand: Glucophage. Generic: Metformin. Country: USA. Status: Allowed. Regulation Type: Prescription. Authority: FDA / DEA. Reason: Standard diabetes medication, not restricted for travel. Alternatives: N/A. Traveller Advice: Carry prescription."
Metformin,Glucophage,Metformin,UK,Allowed,Prescription,MHRA / Home Office,"Standard diabetes medication, not restricted for travel",N/A,Carry prescription,MHRA / Home Office Guidelines,2026-07-20,"Medicine: Metformin. Brand: Glucophage. Generic: Metformin. Country: UK. Status: Allowed. Regulation Type: Prescription. Authority: MHRA / Home Office. Reason: Standard diabetes medication, not restricted for travel. Alternatives: N/A. Traveller Advice: Carry prescription."
Metformin,Glucophage,Metformin,Japan,Allowed,Prescription,MHLW,"Standard diabetes medication, not restricted for travel",N/A,Carry prescription,MHLW Guidelines,2026-07-20,"Medicine: Metformin. Brand: Glucophage. Generic: Metformin. Country: Japan. Status: Allowed. Regulation Type: Prescription. Authority: MHLW. Reason: Standard diabetes medication, not restricted for travel. Alternatives: N/A. Traveller Advice: Carry prescription."
Metformin,Glucophage,Metformin,UAE,Allowed,Prescription,MOHAP,"Standard diabetes medication, not restricted for travel",N/A,Carry prescription,MOHAP Guidelines,2026-07-20,"Medicine: Metformin. Brand: Glucophage. Generic: Metformin. Country: UAE. Status: Allowed. Regulation Type: Prescription. Authority: MOHAP. Reason: Standard diabetes medication, not restricted for travel. Alternatives: N/A. Traveller Advice: Carry prescription."
Metformin,Glucophage,Metformin,Singapore,Allowed,Prescription,HSA,"Standard diabetes medication, not restricted for travel",N/A,Carry prescription,HSA Guidelines,2026-07-20,"Medicine: Metformin. Brand: Glucophage. Generic: Metformin. Country: Singapore. Status: Allowed. Regulation Type: Prescription. Authority: HSA. Reason: Standard diabetes medication, not restricted for travel. Alternatives: N/A. Traveller Advice: Carry prescription."
Metformin,Glucophage,Metformin,Australia,Allowed,Prescription,TGA,"Standard diabetes medication, not restricted for travel",N/A,Carry prescription,TGA Guidelines,2026-07-20,"Medicine: Metformin. Brand: Glucophage. Generic: Metformin. Country: Australia. Status: Allowed. Regulation Type: Prescription. Authority: TGA. Reason: Standard diabetes medication, not restricted for travel. Alternatives: N/A. Traveller Advice: Carry prescription."
Metformin,Glucophage,Metformin,Canada,Allowed,Prescription,Health Canada,"Standard diabetes medication, not restricted for travel",N/A,Carry prescription,Health Canada Guidelines,2026-07-20,"Medicine: Metformin. Brand: Glucophage. Generic: Metformin. Country: Canada. Status: Allowed. Regulation Type: Prescription. Authority: Health Canada. Reason: Standard diabetes medication, not restricted for travel. Alternatives: N/A. Traveller Advice: Carry prescription."
Metformin,Glucophage,Metformin,Germany,Allowed,Prescription,BfArM,"Standard diabetes medication, not restricted for travel",N/A,Carry prescription,BfArM Guidelines,2026-07-20,"Medicine: Metformin. Brand: Glucophage. Generic: Metformin. Country: Germany. Status: Allowed. Regulation Type: Prescription. Authority: BfArM. Reason: Standard diabetes medication, not restricted for travel. Alternatives: N/A. Traveller Advice: Carry prescription."
Metformin,Glucophage,Metformin,France,Allowed,Prescription,ANSM,"Standard diabetes medication, not restricted for travel",N/A,Carry prescription,ANSM Guidelines,2026-07-20,"Medicine: Metformin. Brand: Glucophage. Generic: Metformin. Country: France. Status: Allowed. Regulation Type: Prescription. Authority: ANSM. Reason: Standard diabetes medication, not restricted for travel. Alternatives: N/A. Traveller Advice: Carry prescription."
Atorvastatin,Lipitor,Atorvastatin,India,Allowed,Prescription,CDSCO,"Standard cholesterol medication, not restricted for travel",N/A,Carry prescription,CDSCO Guidelines,2026-07-20,"Medicine: Atorvastatin. Brand: Lipitor. Generic: Atorvastatin. Country: India. Status: Allowed. Regulation Type: Prescription. Authority: CDSCO. Reason: Standard cholesterol medication, not restricted for travel. Alternatives: N/A. Traveller Advice: Carry prescription."
Atorvastatin,Lipitor,Atorvastatin,USA,Allowed,Prescription,FDA / DEA,"Standard cholesterol medication, not restricted for travel",N/A,Carry prescription,FDA / DEA Guidelines,2026-07-20,"Medicine: Atorvastatin. Brand: Lipitor. Generic: Atorvastatin. Country: USA. Status: Allowed. Regulation Type: Prescription. Authority: FDA / DEA. Reason: Standard cholesterol medication, not restricted for travel. Alternatives: N/A. Traveller Advice: Carry prescription."
Atorvastatin,Lipitor,Atorvastatin,UK,Allowed,Prescription,MHRA / Home Office,"Standard cholesterol medication, not restricted for travel",N/A,Carry prescription,MHRA / Home Office Guidelines,2026-07-20,"Medicine: Atorvastatin. Brand: Lipitor. Generic: Atorvastatin. Country: UK. Status: Allowed. Regulation Type: Prescription. Authority: MHRA / Home Office. Reason: Standard cholesterol medication, not restricted for travel. Alternatives: N/A. Traveller Advice: Carry prescription."
Atorvastatin,Lipitor,Atorvastatin,Japan,Allowed,Prescription,MHLW,"Standard cholesterol medication, not restricted for travel",N/A,Carry prescription,MHLW Guidelines,2026-07-20,"Medicine: Atorvastatin. Brand: Lipitor. Generic: Atorvastatin. Country: Japan. Status: Allowed. Regulation Type: Prescription. Authority: MHLW. Reason: Standard cholesterol medication, not restricted for travel. Alternatives: N/A. Traveller Advice: Carry prescription."
Atorvastatin,Lipitor,Atorvastatin,UAE,Allowed,Prescription,MOHAP,"Standard cholesterol medication, not restricted for travel",N/A,Carry prescription,MOHAP Guidelines,2026-07-20,"Medicine: Atorvastatin. Brand: Lipitor. Generic: Atorvastatin. Country: UAE. Status: Allowed. Regulation Type: Prescription. Authority: MOHAP. Reason: Standard cholesterol medication, not restricted for travel. Alternatives: N/A. Traveller Advice: Carry prescription."
Atorvastatin,Lipitor,Atorvastatin,Singapore,Allowed,Prescription,HSA,"Standard cholesterol medication, not restricted for travel",N/A,Carry prescription,HSA Guidelines,2026-07-20,"Medicine: Atorvastatin. Brand: Lipitor. Generic: Atorvastatin. Country: Singapore. Status: Allowed. Regulation Type: Prescription. Authority: HSA. Reason: Standard cholesterol medication, not restricted for travel. Alternatives: N/A. Traveller Advice: Carry prescription."
Atorvastatin,Lipitor,Atorvastatin,Australia,Allowed,Prescription,TGA,"Standard cholesterol medication, not restricted for travel",N/A,Carry prescription,TGA Guidelines,2026-07-20,"Medicine: Atorvastatin. Brand: Lipitor. Generic: Atorvastatin. Country: Australia. Status: Allowed. Regulation Type: Prescription. Authority: TGA. Reason: Standard cholesterol medication, not restricted for travel. Alternatives: N/A. Traveller Advice: Carry prescription."
Atorvastatin,Lipitor,Atorvastatin,Canada,Allowed,Prescription,Health Canada,"Standard cholesterol medication, not restricted for travel",N/A,Carry prescription,Health Canada Guidelines,2026-07-20,"Medicine: Atorvastatin. Brand: Lipitor. Generic: Atorvastatin. Country: Canada. Status: Allowed. Regulation Type: Prescription. Authority: Health Canada. Reason: Standard cholesterol medication, not restricted for travel. Alternatives: N/A. Traveller Advice: Carry prescription."
Atorvastatin,Lipitor,Atorvastatin,Germany,Allowed,Prescription,BfArM,"Standard cholesterol medication, not restricted for travel",N/A,Carry prescription,BfArM Guidelines,2026-07-20,"Medicine: Atorvastatin. Brand: Lipitor. Generic: Atorvastatin. Country: Germany. Status: Allowed. Regulation Type: Prescription. Authority: BfArM. Reason: Standard cholesterol medication, not restricted for travel. Alternatives: N/A. Traveller Advice: Carry prescription."
Atorvastatin,Lipitor,Atorvastatin,France,Allowed,Prescription,ANSM,"Standard cholesterol medication, not restricted for travel",N/A,Carry prescription,ANSM Guidelines,2026-07-20,"Medicine: Atorvastatin. Brand: Lipitor. Generic: Atorvastatin. Country: France. Status: Allowed. Regulation Type: Prescription. Authority: ANSM. Reason: Standard cholesterol medication, not restricted for travel. Alternatives: N/A. Traveller Advice: Carry prescription."
Amlodipine,Norvasc,Amlodipine,India,Allowed,Prescription,CDSCO,"Standard blood-pressure medication, not restricted for travel",N/A,Carry prescription,CDSCO Guidelines,2026-07-20,"Medicine: Amlodipine. Brand: Norvasc. Generic: Amlodipine. Country: India. Status: Allowed. Regulation Type: Prescription. Authority: CDSCO. Reason: Standard blood-pressure medication, not restricted for travel. Alternatives: N/A. Traveller Advice: Carry prescription."
Amlodipine,Norvasc,Amlodipine,USA,Allowed,Prescription,FDA / DEA,"Standard blood-pressure medication, not restricted for travel",N/A,Carry prescription,FDA / DEA Guidelines,2026-07-20,"Medicine: Amlodipine. Brand: Norvasc. Generic: Amlodipine. Country: USA. Status: Allowed. Regulation Type: Prescription. Authority: FDA / DEA. Reason: Standard blood-pressure medication, not restricted for travel. Alternatives: N/A. Traveller Advice: Carry prescription."
Amlodipine,Norvasc,Amlodipine,UK,Allowed,Prescription,MHRA / Home Office,"Standard blood-pressure medication, not restricted for travel",N/A,Carry prescription,MHRA / Home Office Guidelines,2026-07-20,"Medicine: Amlodipine. Brand: Norvasc. Generic: Amlodipine. Country: UK. Status: Allowed. Regulation Type: Prescription. Authority: MHRA / Home Office. Reason: Standard blood-pressure medication, not restricted for travel. Alternatives: N/A. Traveller Advice: Carry prescription."
Amlodipine,Norvasc,Amlodipine,Japan,Allowed,Prescription,MHLW,"Standard blood-pressure medication, not restricted for travel",N/A,Carry prescription,MHLW Guidelines,2026-07-20,"Medicine: Amlodipine. Brand: Norvasc. Generic: Amlodipine. Country: Japan. Status: Allowed. Regulation Type: Prescription. Authority: MHLW. Reason: Standard blood-pressure medication, not restricted for travel. Alternatives: N/A. Traveller Advice: Carry prescription."
Amlodipine,Norvasc,Amlodipine,UAE,Allowed,Prescription,MOHAP,"Standard blood-pressure medication, not restricted for travel",N/A,Carry prescription,MOHAP Guidelines,2026-07-20,"Medicine: Amlodipine. Brand: Norvasc. Generic: Amlodipine. Country: UAE. Status: Allowed. Regulation Type: Prescription. Authority: MOHAP. Reason: Standard blood-pressure medication, not restricted for travel. Alternatives: N/A. Traveller Advice: Carry prescription."
Amlodipine,Norvasc,Amlodipine,Singapore,Allowed,Prescription,HSA,"Standard blood-pressure medication, not restricted for travel",N/A,Carry prescription,HSA Guidelines,2026-07-20,"Medicine: Amlodipine. Brand: Norvasc. Generic: Amlodipine. Country: Singapore. Status: Allowed. Regulation Type: Prescription. Authority: HSA. Reason: Standard blood-pressure medication, not restricted for travel. Alternatives: N/A. Traveller Advice: Carry prescription."
Amlodipine,Norvasc,Amlodipine,Australia,Allowed,Prescription,TGA,"Standard blood-pressure medication, not restricted for travel",N/A,Carry prescription,TGA Guidelines,2026-07-20,"Medicine: Amlodipine. Brand: Norvasc. Generic: Amlodipine. Country: Australia. Status: Allowed. Regulation Type: Prescription. Authority: TGA. Reason: Standard blood-pressure medication, not restricted for travel. Alternatives: N/A. Traveller Advice: Carry prescription."
Amlodipine,Norvasc,Amlodipine,Canada,Allowed,Prescription,Health Canada,"Standard blood-pressure medication, not restricted for travel",N/A,Carry prescription,Health Canada Guidelines,2026-07-20,"Medicine: Amlodipine. Brand: Norvasc. Generic: Amlodipine. Country: Canada. Status: Allowed. Regulation Type: Prescription. Authority: Health Canada. Reason: Standard blood-pressure medication, not restricted for travel. Alternatives: N/A. Traveller Advice: Carry prescription."
Amlodipine,Norvasc,Amlodipine,Germany,Allowed,Prescription,BfArM,"Standard blood-pressure medication, not restricted for travel",N/A,Carry prescription,BfArM Guidelines,2026-07-20,"Medicine: Amlodipine. Brand: Norvasc. Generic: Amlodipine. Country: Germany. Status: Allowed. Regulation Type: Prescription. Authority: BfArM. Reason: Standard blood-pressure medication, not restricted for travel. Alternatives: N/A. Traveller Advice: Carry prescription."
Amlodipine,Norvasc,Amlodipine,France,Allowed,Prescription,ANSM,"Standard blood-pressure medication, not restricted for travel",N/A,Carry prescription,ANSM Guidelines,2026-07-20,"Medicine: Amlodipine. Brand: Norvasc. Generic: Amlodipine. Country: France. Status: Allowed. Regulation Type: Prescription. Authority: ANSM. Reason: Standard blood-pressure medication, not restricted for travel. Alternatives: N/A. Traveller Advice: Carry prescription."
Omeprazole,Prilosec / Omez,Omeprazole,India,Allowed,OTC/Prescription,CDSCO,"Common antacid, generally unrestricted",Ranitidine (where available),Safe to carry in personal-use quantities,CDSCO Guidelines,2026-07-20,"Medicine: Omeprazole. Brand: Prilosec / Omez. Generic: Omeprazole. Country: India. Status: Allowed. Regulation Type: OTC/Prescription. Authority: CDSCO. Reason: Common antacid, generally unrestricted. Alternatives: Ranitidine (where available). Traveller Advice: Safe to carry in personal-use quantities."
Omeprazole,Prilosec / Omez,Omeprazole,USA,Allowed,OTC/Prescription,FDA / DEA,"Common antacid, generally unrestricted",Ranitidine (where available),Safe to carry in personal-use quantities,FDA / DEA Guidelines,2026-07-20,"Medicine: Omeprazole. Brand: Prilosec / Omez. Generic: Omeprazole. Country: USA. Status: Allowed. Regulation Type: OTC/Prescription. Authority: FDA / DEA. Reason: Common antacid, generally unrestricted. Alternatives: Ranitidine (where available). Traveller Advice: Safe to carry in personal-use quantities."
Omeprazole,Prilosec / Omez,Omeprazole,UK,Allowed,OTC/Prescription,MHRA / Home Office,"Common antacid, generally unrestricted",Ranitidine (where available),Safe to carry in personal-use quantities,MHRA / Home Office Guidelines,2026-07-20,"Medicine: Omeprazole. Brand: Prilosec / Omez. Generic: Omeprazole. Country: UK. Status: Allowed. Regulation Type: OTC/Prescription. Authority: MHRA / Home Office. Reason: Common antacid, generally unrestricted. Alternatives: Ranitidine (where available). Traveller Advice: Safe to carry in personal-use quantities."
Omeprazole,Prilosec / Omez,Omeprazole,Japan,Allowed,OTC/Prescription,MHLW,"Common antacid, generally unrestricted",Ranitidine (where available),Safe to carry in personal-use quantities,MHLW Guidelines,2026-07-20,"Medicine: Omeprazole. Brand: Prilosec / Omez. Generic: Omeprazole. Country: Japan. Status: Allowed. Regulation Type: OTC/Prescription. Authority: MHLW. Reason: Common antacid, generally unrestricted. Alternatives: Ranitidine (where available). Traveller Advice: Safe to carry in personal-use quantities."
Omeprazole,Prilosec / Omez,Omeprazole,UAE,Allowed,OTC/Prescription,MOHAP,"Common antacid, generally unrestricted",Ranitidine (where available),Safe to carry in personal-use quantities,MOHAP Guidelines,2026-07-20,"Medicine: Omeprazole. Brand: Prilosec / Omez. Generic: Omeprazole. Country: UAE. Status: Allowed. Regulation Type: OTC/Prescription. Authority: MOHAP. Reason: Common antacid, generally unrestricted. Alternatives: Ranitidine (where available). Traveller Advice: Safe to carry in personal-use quantities."
Omeprazole,Prilosec / Omez,Omeprazole,Singapore,Allowed,OTC/Prescription,HSA,"Common antacid, generally unrestricted",Ranitidine (where available),Safe to carry in personal-use quantities,HSA Guidelines,2026-07-20,"Medicine: Omeprazole. Brand: Prilosec / Omez. Generic: Omeprazole. Country: Singapore. Status: Allowed. Regulation Type: OTC/Prescription. Authority: HSA. Reason: Common antacid, generally unrestricted. Alternatives: Ranitidine (where available). Traveller Advice: Safe to carry in personal-use quantities."
Omeprazole,Prilosec / Omez,Omeprazole,Australia,Allowed,OTC/Prescription,TGA,"Common antacid, generally unrestricted",Ranitidine (where available),Safe to carry in personal-use quantities,TGA Guidelines,2026-07-20,"Medicine: Omeprazole. Brand: Prilosec / Omez. Generic: Omeprazole. Country: Australia. Status: Allowed. Regulation Type: OTC/Prescription. Authority: TGA. Reason: Common antacid, generally unrestricted. Alternatives: Ranitidine (where available). Traveller Advice: Safe to carry in personal-use quantities."
Omeprazole,Prilosec / Omez,Omeprazole,Canada,Allowed,OTC/Prescription,Health Canada,"Common antacid, generally unrestricted",Ranitidine (where available),Safe to carry in personal-use quantities,Health Canada Guidelines,2026-07-20,"Medicine: Omeprazole. Brand: Prilosec / Omez. Generic: Omeprazole. Country: Canada. Status: Allowed. Regulation Type: OTC/Prescription. Authority: Health Canada. Reason: Common antacid, generally unrestricted. Alternatives: Ranitidine (where available). Traveller Advice: Safe to carry in personal-use quantities."
Omeprazole,Prilosec / Omez,Omeprazole,Germany,Allowed,OTC/Prescription,BfArM,"Common antacid, generally unrestricted",Ranitidine (where available),Safe to carry in personal-use quantities,BfArM Guidelines,2026-07-20,"Medicine: Omeprazole. Brand: Prilosec / Omez. Generic: Omeprazole. Country: Germany. Status: Allowed. Regulation Type: OTC/Prescription. Authority: BfArM. Reason: Common antacid, generally unrestricted. Alternatives: Ranitidine (where available). Traveller Advice: Safe to carry in personal-use quantities."
Omeprazole,Prilosec / Omez,Omeprazole,France,Allowed,OTC/Prescription,ANSM,"Common antacid, generally unrestricted",Ranitidine (where available),Safe to carry in personal-use quantities,ANSM Guidelines,2026-07-20,"Medicine: Omeprazole. Brand: Prilosec / Omez. Generic: Omeprazole. Country: France. Status: Allowed. Regulation Type: OTC/Prescription. Authority: ANSM. Reason: Common antacid, generally unrestricted. Alternatives: Ranitidine (where available). Traveller Advice: Safe to carry in personal-use quantities."
Loratadine,Claritin,Loratadine,India,Allowed,OTC,CDSCO,"Common antihistamine, unrestricted",Cetirizine,Safe to carry in personal-use quantities,CDSCO Guidelines,2026-07-20,"Medicine: Loratadine. Brand: Claritin. Generic: Loratadine. Country: India. Status: Allowed. Regulation Type: OTC. Authority: CDSCO. Reason: Common antihistamine, unrestricted. Alternatives: Cetirizine. Traveller Advice: Safe to carry in personal-use quantities."
Loratadine,Claritin,Loratadine,USA,Allowed,OTC,FDA / DEA,"Common antihistamine, unrestricted",Cetirizine,Safe to carry in personal-use quantities,FDA / DEA Guidelines,2026-07-20,"Medicine: Loratadine. Brand: Claritin. Generic: Loratadine. Country: USA. Status: Allowed. Regulation Type: OTC. Authority: FDA / DEA. Reason: Common antihistamine, unrestricted. Alternatives: Cetirizine. Traveller Advice: Safe to carry in personal-use quantities."
Loratadine,Claritin,Loratadine,UK,Allowed,OTC,MHRA / Home Office,"Common antihistamine, unrestricted",Cetirizine,Safe to carry in personal-use quantities,MHRA / Home Office Guidelines,2026-07-20,"Medicine: Loratadine. Brand: Claritin. Generic: Loratadine. Country: UK. Status: Allowed. Regulation Type: OTC. Authority: MHRA / Home Office. Reason: Common antihistamine, unrestricted. Alternatives: Cetirizine. Traveller Advice: Safe to carry in personal-use quantities."
Loratadine,Claritin,Loratadine,Japan,Allowed,OTC,MHLW,"Common antihistamine, unrestricted",Cetirizine,Safe to carry in personal-use quantities,MHLW Guidelines,2026-07-20,"Medicine: Loratadine. Brand: Claritin. Generic: Loratadine. Country: Japan. Status: Allowed. Regulation Type: OTC. Authority: MHLW. Reason: Common antihistamine, unrestricted. Alternatives: Cetirizine. Traveller Advice: Safe to carry in personal-use quantities."
Loratadine,Claritin,Loratadine,UAE,Allowed,OTC,MOHAP,"Common antihistamine, unrestricted",Cetirizine,Safe to carry in personal-use quantities,MOHAP Guidelines,2026-07-20,"Medicine: Loratadine. Brand: Claritin. Generic: Loratadine. Country: UAE. Status: Allowed. Regulation Type: OTC. Authority: MOHAP. Reason: Common antihistamine, unrestricted. Alternatives: Cetirizine. Traveller Advice: Safe to carry in personal-use quantities."
Loratadine,Claritin,Loratadine,Singapore,Allowed,OTC,HSA,"Common antihistamine, unrestricted",Cetirizine,Safe to carry in personal-use quantities,HSA Guidelines,2026-07-20,"Medicine: Loratadine. Brand: Claritin. Generic: Loratadine. Country: Singapore. Status: Allowed. Regulation Type: OTC. Authority: HSA. Reason: Common antihistamine, unrestricted. Alternatives: Cetirizine. Traveller Advice: Safe to carry in personal-use quantities."
Loratadine,Claritin,Loratadine,Australia,Allowed,OTC,TGA,"Common antihistamine, unrestricted",Cetirizine,Safe to carry in personal-use quantities,TGA Guidelines,2026-07-20,"Medicine: Loratadine. Brand: Claritin. Generic: Loratadine. Country: Australia. Status: Allowed. Regulation Type: OTC. Authority: TGA. Reason: Common antihistamine, unrestricted. Alternatives: Cetirizine. Traveller Advice: Safe to carry in personal-use quantities."
Loratadine,Claritin,Loratadine,Canada,Allowed,OTC,Health Canada,"Common antihistamine, unrestricted",Cetirizine,Safe to carry in personal-use quantities,Health Canada Guidelines,2026-07-20,"Medicine: Loratadine. Brand: Claritin. Generic: Loratadine. Country: Canada. Status: Allowed. Regulation Type: OTC. Authority: Health Canada. Reason: Common antihistamine, unrestricted. Alternatives: Cetirizine. Traveller Advice: Safe to carry in personal-use quantities."
Loratadine,Claritin,Loratadine,Germany,Allowed,OTC,BfArM,"Common antihistamine, unrestricted",Cetirizine,Safe to carry in personal-use quantities,BfArM Guidelines,2026-07-20,"Medicine: Loratadine. Brand: Claritin. Generic: Loratadine. Country: Germany. Status: Allowed. Regulation Type: OTC. Authority: BfArM. Reason: Common antihistamine, unrestricted. Alternatives: Cetirizine. Traveller Advice: Safe to carry in personal-use quantities."
Loratadine,Claritin,Loratadine,France,Allowed,OTC,ANSM,"Common antihistamine, unrestricted",Cetirizine,Safe to carry in personal-use quantities,ANSM Guidelines,2026-07-20,"Medicine: Loratadine. Brand: Claritin. Generic: Loratadine. Country: France. Status: Allowed. Regulation Type: OTC. Authority: ANSM. Reason: Common antihistamine, unrestricted. Alternatives: Cetirizine. Traveller Advice: Safe to carry in personal-use quantities."
Cetirizine,Zyrtec / Cetzine,Cetirizine,India,Allowed,OTC,CDSCO,"Common antihistamine, unrestricted",Loratadine,Safe to carry in personal-use quantities,CDSCO Guidelines,2026-07-20,"Medicine: Cetirizine. Brand: Zyrtec / Cetzine. Generic: Cetirizine. Country: India. Status: Allowed. Regulation Type: OTC. Authority: CDSCO. Reason: Common antihistamine, unrestricted. Alternatives: Loratadine. Traveller Advice: Safe to carry in personal-use quantities."
Cetirizine,Zyrtec / Cetzine,Cetirizine,USA,Allowed,OTC,FDA / DEA,"Common antihistamine, unrestricted",Loratadine,Safe to carry in personal-use quantities,FDA / DEA Guidelines,2026-07-20,"Medicine: Cetirizine. Brand: Zyrtec / Cetzine. Generic: Cetirizine. Country: USA. Status: Allowed. Regulation Type: OTC. Authority: FDA / DEA. Reason: Common antihistamine, unrestricted. Alternatives: Loratadine. Traveller Advice: Safe to carry in personal-use quantities."
Cetirizine,Zyrtec / Cetzine,Cetirizine,UK,Allowed,OTC,MHRA / Home Office,"Common antihistamine, unrestricted",Loratadine,Safe to carry in personal-use quantities,MHRA / Home Office Guidelines,2026-07-20,"Medicine: Cetirizine. Brand: Zyrtec / Cetzine. Generic: Cetirizine. Country: UK. Status: Allowed. Regulation Type: OTC. Authority: MHRA / Home Office. Reason: Common antihistamine, unrestricted. Alternatives: Loratadine. Traveller Advice: Safe to carry in personal-use quantities."
Cetirizine,Zyrtec / Cetzine,Cetirizine,Japan,Allowed,OTC,MHLW,"Common antihistamine, unrestricted",Loratadine,Safe to carry in personal-use quantities,MHLW Guidelines,2026-07-20,"Medicine: Cetirizine. Brand: Zyrtec / Cetzine. Generic: Cetirizine. Country: Japan. Status: Allowed. Regulation Type: OTC. Authority: MHLW. Reason: Common antihistamine, unrestricted. Alternatives: Loratadine. Traveller Advice: Safe to carry in personal-use quantities."
Cetirizine,Zyrtec / Cetzine,Cetirizine,UAE,Allowed,OTC,MOHAP,"Common antihistamine, unrestricted",Loratadine,Safe to carry in personal-use quantities,MOHAP Guidelines,2026-07-20,"Medicine: Cetirizine. Brand: Zyrtec / Cetzine. Generic: Cetirizine. Country: UAE. Status: Allowed. Regulation Type: OTC. Authority: MOHAP. Reason: Common antihistamine, unrestricted. Alternatives: Loratadine. Traveller Advice: Safe to carry in personal-use quantities."
Cetirizine,Zyrtec / Cetzine,Cetirizine,Singapore,Allowed,OTC,HSA,"Common antihistamine, unrestricted",Loratadine,Safe to carry in personal-use quantities,HSA Guidelines,2026-07-20,"Medicine: Cetirizine. Brand: Zyrtec / Cetzine. Generic: Cetirizine. Country: Singapore. Status: Allowed. Regulation Type: OTC. Authority: HSA. Reason: Common antihistamine, unrestricted. Alternatives: Loratadine. Traveller Advice: Safe to carry in personal-use quantities."
Cetirizine,Zyrtec / Cetzine,Cetirizine,Australia,Allowed,OTC,TGA,"Common antihistamine, unrestricted",Loratadine,Safe to carry in personal-use quantities,TGA Guidelines,2026-07-20,"Medicine: Cetirizine. Brand: Zyrtec / Cetzine. Generic: Cetirizine. Country: Australia. Status: Allowed. Regulation Type: OTC. Authority: TGA. Reason: Common antihistamine, unrestricted. Alternatives: Loratadine. Traveller Advice: Safe to carry in personal-use quantities."
Cetirizine,Zyrtec / Cetzine,Cetirizine,Canada,Allowed,OTC,Health Canada,"Common antihistamine, unrestricted",Loratadine,Safe to carry in personal-use quantities,Health Canada Guidelines,2026-07-20,"Medicine: Cetirizine. Brand: Zyrtec / Cetzine. Generic: Cetirizine. Country: Canada. Status: Allowed. Regulation Type: OTC. Authority: Health Canada. Reason: Common antihistamine, unrestricted. Alternatives: Loratadine. Traveller Advice: Safe to carry in personal-use quantities."
Cetirizine,Zyrtec / Cetzine,Cetirizine,Germany,Allowed,OTC,BfArM,"Common antihistamine, unrestricted",Loratadine,Safe to carry in personal-use quantities,BfArM Guidelines,2026-07-20,"Medicine: Cetirizine. Brand: Zyrtec / Cetzine. Generic: Cetirizine. Country: Germany. Status: Allowed. Regulation Type: OTC. Authority: BfArM. Reason: Common antihistamine, unrestricted. Alternatives: Loratadine. Traveller Advice: Safe to carry in personal-use quantities."
Cetirizine,Zyrtec / Cetzine,Cetirizine,France,Allowed,OTC,ANSM,"Common antihistamine, unrestricted",Loratadine,Safe to carry in personal-use quantities,ANSM Guidelines,2026-07-20,"Medicine: Cetirizine. Brand: Zyrtec / Cetzine. Generic: Cetirizine. Country: France. Status: Allowed. Regulation Type: OTC. Authority: ANSM. Reason: Common antihistamine, unrestricted. Alternatives: Loratadine. Traveller Advice: Safe to carry in personal-use quantities."
Diphenhydramine,Benadryl,Diphenhydramine,India,Allowed,OTC,CDSCO,"Common antihistamine/sleep aid, generally unrestricted","Loratadine, Cetirizine",Safe to carry in personal-use quantities,CDSCO Guidelines,2026-07-20,"Medicine: Diphenhydramine. Brand: Benadryl. Generic: Diphenhydramine. Country: India. Status: Allowed. Regulation Type: OTC. Authority: CDSCO. Reason: Common antihistamine/sleep aid, generally unrestricted. Alternatives: Loratadine, Cetirizine. Traveller Advice: Safe to carry in personal-use quantities."
Diphenhydramine,Benadryl,Diphenhydramine,USA,Allowed,OTC,FDA / DEA,"Common antihistamine/sleep aid, generally unrestricted","Loratadine, Cetirizine",Safe to carry in personal-use quantities,FDA / DEA Guidelines,2026-07-20,"Medicine: Diphenhydramine. Brand: Benadryl. Generic: Diphenhydramine. Country: USA. Status: Allowed. Regulation Type: OTC. Authority: FDA / DEA. Reason: Common antihistamine/sleep aid, generally unrestricted. Alternatives: Loratadine, Cetirizine. Traveller Advice: Safe to carry in personal-use quantities."
Diphenhydramine,Benadryl,Diphenhydramine,UK,Allowed,OTC,MHRA / Home Office,"Common antihistamine/sleep aid, generally unrestricted","Loratadine, Cetirizine",Safe to carry in personal-use quantities,MHRA / Home Office Guidelines,2026-07-20,"Medicine: Diphenhydramine. Brand: Benadryl. Generic: Diphenhydramine. Country: UK. Status: Allowed. Regulation Type: OTC. Authority: MHRA / Home Office. Reason: Common antihistamine/sleep aid, generally unrestricted. Alternatives: Loratadine, Cetirizine. Traveller Advice: Safe to carry in personal-use quantities."
Diphenhydramine,Benadryl,Diphenhydramine,Japan,Restricted,Quantity limited,MHLW,Certain antihistamine combinations have import quantity caps,"Loratadine, Cetirizine",Carry only small personal-use quantity,MHLW Guidelines,2026-07-20,"Medicine: Diphenhydramine. Brand: Benadryl. Generic: Diphenhydramine. Country: Japan. Status: Restricted. Regulation Type: Quantity limited. Authority: MHLW. Reason: Certain antihistamine combinations have import quantity caps. Alternatives: Loratadine, Cetirizine. Traveller Advice: Carry only small personal-use quantity."
Diphenhydramine,Benadryl,Diphenhydramine,UAE,Allowed,OTC,MOHAP,"Common antihistamine/sleep aid, generally unrestricted","Loratadine, Cetirizine",Safe to carry in personal-use quantities,MOHAP Guidelines,2026-07-20,"Medicine: Diphenhydramine. Brand: Benadryl. Generic: Diphenhydramine. Country: UAE. Status: Allowed. Regulation Type: OTC. Authority: MOHAP. Reason: Common antihistamine/sleep aid, generally unrestricted. Alternatives: Loratadine, Cetirizine. Traveller Advice: Safe to carry in personal-use quantities."
Diphenhydramine,Benadryl,Diphenhydramine,Singapore,Allowed,OTC,HSA,"Common antihistamine/sleep aid, generally unrestricted","Loratadine, Cetirizine",Safe to carry in personal-use quantities,HSA Guidelines,2026-07-20,"Medicine: Diphenhydramine. Brand: Benadryl. Generic: Diphenhydramine. Country: Singapore. Status: Allowed. Regulation Type: OTC. Authority: HSA. Reason: Common antihistamine/sleep aid, generally unrestricted. Alternatives: Loratadine, Cetirizine. Traveller Advice: Safe to carry in personal-use quantities."
Diphenhydramine,Benadryl,Diphenhydramine,Australia,Allowed,OTC,TGA,"Common antihistamine/sleep aid, generally unrestricted","Loratadine, Cetirizine",Safe to carry in personal-use quantities,TGA Guidelines,2026-07-20,"Medicine: Diphenhydramine. Brand: Benadryl. Generic: Diphenhydramine. Country: Australia. Status: Allowed. Regulation Type: OTC. Authority: TGA. Reason: Common antihistamine/sleep aid, generally unrestricted. Alternatives: Loratadine, Cetirizine. Traveller Advice: Safe to carry in personal-use quantities."
Diphenhydramine,Benadryl,Diphenhydramine,Canada,Allowed,OTC,Health Canada,"Common antihistamine/sleep aid, generally unrestricted","Loratadine, Cetirizine",Safe to carry in personal-use quantities,Health Canada Guidelines,2026-07-20,"Medicine: Diphenhydramine. Brand: Benadryl. Generic: Diphenhydramine. Country: Canada. Status: Allowed. Regulation Type: OTC. Authority: Health Canada. Reason: Common antihistamine/sleep aid, generally unrestricted. Alternatives: Loratadine, Cetirizine. Traveller Advice: Safe to carry in personal-use quantities."
Diphenhydramine,Benadryl,Diphenhydramine,Germany,Allowed,OTC,BfArM,"Common antihistamine/sleep aid, generally unrestricted","Loratadine, Cetirizine",Safe to carry in personal-use quantities,BfArM Guidelines,2026-07-20,"Medicine: Diphenhydramine. Brand: Benadryl. Generic: Diphenhydramine. Country: Germany. Status: Allowed. Regulation Type: OTC. Authority: BfArM. Reason: Common antihistamine/sleep aid, generally unrestricted. Alternatives: Loratadine, Cetirizine. Traveller Advice: Safe to carry in personal-use quantities."
Diphenhydramine,Benadryl,Diphenhydramine,France,Allowed,OTC,ANSM,"Common antihistamine/sleep aid, generally unrestricted","Loratadine, Cetirizine",Safe to carry in personal-use quantities,ANSM Guidelines,2026-07-20,"Medicine: Diphenhydramine. Brand: Benadryl. Generic: Diphenhydramine. Country: France. Status: Allowed. Regulation Type: OTC. Authority: ANSM. Reason: Common antihistamine/sleep aid, generally unrestricted. Alternatives: Loratadine, Cetirizine. Traveller Advice: Safe to carry in personal-use quantities."
Domperidone,Motilium,Domperidone,India,Restricted,Prescription,CDSCO,Anti-nausea drug; withdrawn/restricted in some markets over cardiac risk,Ondansetron (consult doctor),Carry prescription; check local availability,CDSCO Guidelines,2026-07-20,Medicine: Domperidone. Brand: Motilium. Generic: Domperidone. Country: India. Status: Restricted. Regulation Type: Prescription. Authority: CDSCO. Reason: Anti-nausea drug; withdrawn/restricted in some markets over cardiac risk. Alternatives: Ondansetron (consult doctor). Traveller Advice: Carry prescription; check local availability.
Domperidone,Motilium,Domperidone,USA,Banned,Not FDA-approved,FDA / DEA,Not approved by the FDA due to cardiac safety concerns,Ondansetron (consult doctor),Consult doctor for an FDA-approved alternative,FDA / DEA Guidelines,2026-07-20,Medicine: Domperidone. Brand: Motilium. Generic: Domperidone. Country: USA. Status: Banned. Regulation Type: Not FDA-approved. Authority: FDA / DEA. Reason: Not approved by the FDA due to cardiac safety concerns. Alternatives: Ondansetron (consult doctor). Traveller Advice: Consult doctor for an FDA-approved alternative.
Domperidone,Motilium,Domperidone,UK,Restricted,Prescription,MHRA / Home Office,Anti-nausea drug; withdrawn/restricted in some markets over cardiac risk,Ondansetron (consult doctor),Carry prescription; check local availability,MHRA / Home Office Guidelines,2026-07-20,Medicine: Domperidone. Brand: Motilium. Generic: Domperidone. Country: UK. Status: Restricted. Regulation Type: Prescription. Authority: MHRA / Home Office. Reason: Anti-nausea drug; withdrawn/restricted in some markets over cardiac risk. Alternatives: Ondansetron (consult doctor). Traveller Advice: Carry prescription; check local availability.
Domperidone,Motilium,Domperidone,Japan,Restricted,Prescription,MHLW,Anti-nausea drug; withdrawn/restricted in some markets over cardiac risk,Ondansetron (consult doctor),Carry prescription; check local availability,MHLW Guidelines,2026-07-20,Medicine: Domperidone. Brand: Motilium. Generic: Domperidone. Country: Japan. Status: Restricted. Regulation Type: Prescription. Authority: MHLW. Reason: Anti-nausea drug; withdrawn/restricted in some markets over cardiac risk. Alternatives: Ondansetron (consult doctor). Traveller Advice: Carry prescription; check local availability.
Domperidone,Motilium,Domperidone,UAE,Restricted,Prescription,MOHAP,Anti-nausea drug; withdrawn/restricted in some markets over cardiac risk,Ondansetron (consult doctor),Carry prescription; check local availability,MOHAP Guidelines,2026-07-20,Medicine: Domperidone. Brand: Motilium. Generic: Domperidone. Country: UAE. Status: Restricted. Regulation Type: Prescription. Authority: MOHAP. Reason: Anti-nausea drug; withdrawn/restricted in some markets over cardiac risk. Alternatives: Ondansetron (consult doctor). Traveller Advice: Carry prescription; check local availability.
Domperidone,Motilium,Domperidone,Singapore,Restricted,Prescription,HSA,Anti-nausea drug; withdrawn/restricted in some markets over cardiac risk,Ondansetron (consult doctor),Carry prescription; check local availability,HSA Guidelines,2026-07-20,Medicine: Domperidone. Brand: Motilium. Generic: Domperidone. Country: Singapore. Status: Restricted. Regulation Type: Prescription. Authority: HSA. Reason: Anti-nausea drug; withdrawn/restricted in some markets over cardiac risk. Alternatives: Ondansetron (consult doctor). Traveller Advice: Carry prescription; check local availability.
Domperidone,Motilium,Domperidone,Australia,Restricted,Prescription,TGA,Anti-nausea drug; withdrawn/restricted in some markets over cardiac risk,Ondansetron (consult doctor),Carry prescription; check local availability,TGA Guidelines,2026-07-20,Medicine: Domperidone. Brand: Motilium. Generic: Domperidone. Country: Australia. Status: Restricted. Regulation Type: Prescription. Authority: TGA. Reason: Anti-nausea drug; withdrawn/restricted in some markets over cardiac risk. Alternatives: Ondansetron (consult doctor). Traveller Advice: Carry prescription; check local availability.
Domperidone,Motilium,Domperidone,Canada,Restricted,Prescription,Health Canada,Anti-nausea drug; withdrawn/restricted in some markets over cardiac risk,Ondansetron (consult doctor),Carry prescription; check local availability,Health Canada Guidelines,2026-07-20,Medicine: Domperidone. Brand: Motilium. Generic: Domperidone. Country: Canada. Status: Restricted. Regulation Type: Prescription. Authority: Health Canada. Reason: Anti-nausea drug; withdrawn/restricted in some markets over cardiac risk. Alternatives: Ondansetron (consult doctor). Traveller Advice: Carry prescription; check local availability.
Domperidone,Motilium,Domperidone,Germany,Restricted,Prescription,BfArM,Anti-nausea drug; withdrawn/restricted in some markets over cardiac risk,Ondansetron (consult doctor),Carry prescription; check local availability,BfArM Guidelines,2026-07-20,Medicine: Domperidone. Brand: Motilium. Generic: Domperidone. Country: Germany. Status: Restricted. Regulation Type: Prescription. Authority: BfArM. Reason: Anti-nausea drug; withdrawn/restricted in some markets over cardiac risk. Alternatives: Ondansetron (consult doctor). Traveller Advice: Carry prescription; check local availability.
Domperidone,Motilium,Domperidone,France,Restricted,Prescription,ANSM,Anti-nausea drug; withdrawn/restricted in some markets over cardiac risk,Ondansetron (consult doctor),Carry prescription; check local availability,ANSM Guidelines,2026-07-20,Medicine: Domperidone. Brand: Motilium. Generic: Domperidone. Country: France. Status: Restricted. Regulation Type: Prescription. Authority: ANSM. Reason: Anti-nausea drug; withdrawn/restricted in some markets over cardiac risk. Alternatives: Ondansetron (consult doctor). Traveller Advice: Carry prescription; check local availability.
Sildenafil,Viagra,Sildenafil Citrate,India,Allowed,Prescription,CDSCO,Prescription medicine for erectile dysfunction,Consult doctor for alternatives,Carry prescription; avoid carrying large quantities,CDSCO Guidelines,2026-07-20,Medicine: Sildenafil. Brand: Viagra. Generic: Sildenafil Citrate. Country: India. Status: Allowed. Regulation Type: Prescription. Authority: CDSCO. Reason: Prescription medicine for erectile dysfunction. Alternatives: Consult doctor for alternatives. Traveller Advice: Carry prescription; avoid carrying large quantities.
Sildenafil,Viagra,Sildenafil Citrate,USA,Allowed,Prescription,FDA / DEA,Prescription medicine for erectile dysfunction,Consult doctor for alternatives,Carry prescription; avoid carrying large quantities,FDA / DEA Guidelines,2026-07-20,Medicine: Sildenafil. Brand: Viagra. Generic: Sildenafil Citrate. Country: USA. Status: Allowed. Regulation Type: Prescription. Authority: FDA / DEA. Reason: Prescription medicine for erectile dysfunction. Alternatives: Consult doctor for alternatives. Traveller Advice: Carry prescription; avoid carrying large quantities.
Sildenafil,Viagra,Sildenafil Citrate,UK,Allowed,Prescription,MHRA / Home Office,Prescription medicine for erectile dysfunction,Consult doctor for alternatives,Carry prescription; avoid carrying large quantities,MHRA / Home Office Guidelines,2026-07-20,Medicine: Sildenafil. Brand: Viagra. Generic: Sildenafil Citrate. Country: UK. Status: Allowed. Regulation Type: Prescription. Authority: MHRA / Home Office. Reason: Prescription medicine for erectile dysfunction. Alternatives: Consult doctor for alternatives. Traveller Advice: Carry prescription; avoid carrying large quantities.
Sildenafil,Viagra,Sildenafil Citrate,Japan,Allowed,Prescription,MHLW,Prescription medicine for erectile dysfunction,Consult doctor for alternatives,Carry prescription; avoid carrying large quantities,MHLW Guidelines,2026-07-20,Medicine: Sildenafil. Brand: Viagra. Generic: Sildenafil Citrate. Country: Japan. Status: Allowed. Regulation Type: Prescription. Authority: MHLW. Reason: Prescription medicine for erectile dysfunction. Alternatives: Consult doctor for alternatives. Traveller Advice: Carry prescription; avoid carrying large quantities.
Sildenafil,Viagra,Sildenafil Citrate,UAE,Restricted,Prescription,MOHAP,Requires prescription; large quantities may raise customs scrutiny,Consult doctor for alternatives,Carry prescription and limit quantity,MOHAP Guidelines,2026-07-20,Medicine: Sildenafil. Brand: Viagra. Generic: Sildenafil Citrate. Country: UAE. Status: Restricted. Regulation Type: Prescription. Authority: MOHAP. Reason: Requires prescription; large quantities may raise customs scrutiny. Alternatives: Consult doctor for alternatives. Traveller Advice: Carry prescription and limit quantity.
Sildenafil,Viagra,Sildenafil Citrate,Singapore,Restricted,Prescription,HSA,Requires prescription; large quantities may raise customs scrutiny,Consult doctor for alternatives,Carry prescription and limit quantity,HSA Guidelines,2026-07-20,Medicine: Sildenafil. Brand: Viagra. Generic: Sildenafil Citrate. Country: Singapore. Status: Restricted. Regulation Type: Prescription. Authority: HSA. Reason: Requires prescription; large quantities may raise customs scrutiny. Alternatives: Consult doctor for alternatives. Traveller Advice: Carry prescription and limit quantity.
Sildenafil,Viagra,Sildenafil Citrate,Australia,Allowed,Prescription,TGA,Prescription medicine for erectile dysfunction,Consult doctor for alternatives,Carry prescription; avoid carrying large quantities,TGA Guidelines,2026-07-20,Medicine: Sildenafil. Brand: Viagra. Generic: Sildenafil Citrate. Country: Australia. Status: Allowed. Regulation Type: Prescription. Authority: TGA. Reason: Prescription medicine for erectile dysfunction. Alternatives: Consult doctor for alternatives. Traveller Advice: Carry prescription; avoid carrying large quantities.
Sildenafil,Viagra,Sildenafil Citrate,Canada,Allowed,Prescription,Health Canada,Prescription medicine for erectile dysfunction,Consult doctor for alternatives,Carry prescription; avoid carrying large quantities,Health Canada Guidelines,2026-07-20,Medicine: Sildenafil. Brand: Viagra. Generic: Sildenafil Citrate. Country: Canada. Status: Allowed. Regulation Type: Prescription. Authority: Health Canada. Reason: Prescription medicine for erectile dysfunction. Alternatives: Consult doctor for alternatives. Traveller Advice: Carry prescription; avoid carrying large quantities.
Sildenafil,Viagra,Sildenafil Citrate,Germany,Allowed,Prescription,BfArM,Prescription medicine for erectile dysfunction,Consult doctor for alternatives,Carry prescription; avoid carrying large quantities,BfArM Guidelines,2026-07-20,Medicine: Sildenafil. Brand: Viagra. Generic: Sildenafil Citrate. Country: Germany. Status: Allowed. Regulation Type: Prescription. Authority: BfArM. Reason: Prescription medicine for erectile dysfunction. Alternatives: Consult doctor for alternatives. Traveller Advice: Carry prescription; avoid carrying large quantities.
Sildenafil,Viagra,Sildenafil Citrate,France,Allowed,Prescription,ANSM,Prescription medicine for erectile dysfunction,Consult doctor for alternatives,Carry prescription; avoid carrying large quantities,ANSM Guidelines,2026-07-20,Medicine: Sildenafil. Brand: Viagra. Generic: Sildenafil Citrate. Country: France. Status: Allowed. Regulation Type: Prescription. Authority: ANSM. Reason: Prescription medicine for erectile dysfunction. Alternatives: Consult doctor for alternatives. Traveller Advice: Carry prescription; avoid carrying large quantities.
Fentanyl Patch,Duragesic,Fentanyl,India,Restricted,Controlled Substance,CDSCO,"Potent opioid, tightly controlled narcotic worldwide",Consult doctor for alternative pain management,Carry prescription and medical certificate; declare at customs,CDSCO Guidelines,2026-07-20,"Medicine: Fentanyl Patch. Brand: Duragesic. Generic: Fentanyl. Country: India. Status: Restricted. Regulation Type: Controlled Substance. Authority: CDSCO. Reason: Potent opioid, tightly controlled narcotic worldwide. Alternatives: Consult doctor for alternative pain management. Traveller Advice: Carry prescription and medical certificate; declare at customs."
Fentanyl Patch,Duragesic,Fentanyl,USA,Restricted,Controlled Substance,FDA / DEA,"Potent opioid, tightly controlled narcotic worldwide",Consult doctor for alternative pain management,Carry prescription and medical certificate; declare at customs,FDA / DEA Guidelines,2026-07-20,"Medicine: Fentanyl Patch. Brand: Duragesic. Generic: Fentanyl. Country: USA. Status: Restricted. Regulation Type: Controlled Substance. Authority: FDA / DEA. Reason: Potent opioid, tightly controlled narcotic worldwide. Alternatives: Consult doctor for alternative pain management. Traveller Advice: Carry prescription and medical certificate; declare at customs."
Fentanyl Patch,Duragesic,Fentanyl,UK,Restricted,Controlled Substance,MHRA / Home Office,"Potent opioid, tightly controlled narcotic worldwide",Consult doctor for alternative pain management,Carry prescription and medical certificate; declare at customs,MHRA / Home Office Guidelines,2026-07-20,"Medicine: Fentanyl Patch. Brand: Duragesic. Generic: Fentanyl. Country: UK. Status: Restricted. Regulation Type: Controlled Substance. Authority: MHRA / Home Office. Reason: Potent opioid, tightly controlled narcotic worldwide. Alternatives: Consult doctor for alternative pain management. Traveller Advice: Carry prescription and medical certificate; declare at customs."
Fentanyl Patch,Duragesic,Fentanyl,Japan,Restricted,Controlled Substance,MHLW,Narcotics law restricts import,Consult doctor for alternative pain management,Carry prescription and Yakkan Shoumei,MHLW Guidelines,2026-07-20,Medicine: Fentanyl Patch. Brand: Duragesic. Generic: Fentanyl. Country: Japan. Status: Restricted. Regulation Type: Controlled Substance. Authority: MHLW. Reason: Narcotics law restricts import. Alternatives: Consult doctor for alternative pain management. Traveller Advice: Carry prescription and Yakkan Shoumei.
Fentanyl Patch,Duragesic,Fentanyl,UAE,Banned,Banned,MOHAP,Strictly banned without prior government approval,Consult doctor for alternative pain management,Apply for import permit well in advance,MOHAP Guidelines,2026-07-20,Medicine: Fentanyl Patch. Brand: Duragesic. Generic: Fentanyl. Country: UAE. Status: Banned. Regulation Type: Banned. Authority: MOHAP. Reason: Strictly banned without prior government approval. Alternatives: Consult doctor for alternative pain management. Traveller Advice: Apply for import permit well in advance.
Fentanyl Patch,Duragesic,Fentanyl,Singapore,Restricted,Controlled Substance,HSA,"Potent opioid, tightly controlled narcotic worldwide",Consult doctor for alternative pain management,Carry prescription and medical certificate; declare at customs,HSA Guidelines,2026-07-20,"Medicine: Fentanyl Patch. Brand: Duragesic. Generic: Fentanyl. Country: Singapore. Status: Restricted. Regulation Type: Controlled Substance. Authority: HSA. Reason: Potent opioid, tightly controlled narcotic worldwide. Alternatives: Consult doctor for alternative pain management. Traveller Advice: Carry prescription and medical certificate; declare at customs."
Fentanyl Patch,Duragesic,Fentanyl,Australia,Restricted,Controlled Substance,TGA,"Potent opioid, tightly controlled narcotic worldwide",Consult doctor for alternative pain management,Carry prescription and medical certificate; declare at customs,TGA Guidelines,2026-07-20,"Medicine: Fentanyl Patch. Brand: Duragesic. Generic: Fentanyl. Country: Australia. Status: Restricted. Regulation Type: Controlled Substance. Authority: TGA. Reason: Potent opioid, tightly controlled narcotic worldwide. Alternatives: Consult doctor for alternative pain management. Traveller Advice: Carry prescription and medical certificate; declare at customs."
Fentanyl Patch,Duragesic,Fentanyl,Canada,Restricted,Controlled Substance,Health Canada,"Potent opioid, tightly controlled narcotic worldwide",Consult doctor for alternative pain management,Carry prescription and medical certificate; declare at customs,Health Canada Guidelines,2026-07-20,"Medicine: Fentanyl Patch. Brand: Duragesic. Generic: Fentanyl. Country: Canada. Status: Restricted. Regulation Type: Controlled Substance. Authority: Health Canada. Reason: Potent opioid, tightly controlled narcotic worldwide. Alternatives: Consult doctor for alternative pain management. Traveller Advice: Carry prescription and medical certificate; declare at customs."
Fentanyl Patch,Duragesic,Fentanyl,Germany,Restricted,Controlled Substance,BfArM,"Potent opioid, tightly controlled narcotic worldwide",Consult doctor for alternative pain management,Carry prescription and medical certificate; declare at customs,BfArM Guidelines,2026-07-20,"Medicine: Fentanyl Patch. Brand: Duragesic. Generic: Fentanyl. Country: Germany. Status: Restricted. Regulation Type: Controlled Substance. Authority: BfArM. Reason: Potent opioid, tightly controlled narcotic worldwide. Alternatives: Consult doctor for alternative pain management. Traveller Advice: Carry prescription and medical certificate; declare at customs."
Fentanyl Patch,Duragesic,Fentanyl,France,Restricted,Controlled Substance,ANSM,"Potent opioid, tightly controlled narcotic worldwide",Consult doctor for alternative pain management,Carry prescription and medical certificate; declare at customs,ANSM Guidelines,2026-07-20,"Medicine: Fentanyl Patch. Brand: Duragesic. Generic: Fentanyl. Country: France. Status: Restricted. Regulation Type: Controlled Substance. Authority: ANSM. Reason: Potent opioid, tightly controlled narcotic worldwide. Alternatives: Consult doctor for alternative pain management. Traveller Advice: Carry prescription and medical certificate; declare at customs."
Ketamine,Ketalar,Ketamine,India,Restricted,Controlled Substance,CDSCO,Anaesthetic/psychotropic with high abuse potential,Consult doctor for alternatives,Carry prescription and medical certificate,CDSCO Guidelines,2026-07-20,Medicine: Ketamine. Brand: Ketalar. Generic: Ketamine. Country: India. Status: Restricted. Regulation Type: Controlled Substance. Authority: CDSCO. Reason: Anaesthetic/psychotropic with high abuse potential. Alternatives: Consult doctor for alternatives. Traveller Advice: Carry prescription and medical certificate.
Ketamine,Ketalar,Ketamine,USA,Restricted,Controlled Substance,FDA / DEA,Anaesthetic/psychotropic with high abuse potential,Consult doctor for alternatives,Carry prescription and medical certificate,FDA / DEA Guidelines,2026-07-20,Medicine: Ketamine. Brand: Ketalar. Generic: Ketamine. Country: USA. Status: Restricted. Regulation Type: Controlled Substance. Authority: FDA / DEA. Reason: Anaesthetic/psychotropic with high abuse potential. Alternatives: Consult doctor for alternatives. Traveller Advice: Carry prescription and medical certificate.
Ketamine,Ketalar,Ketamine,UK,Restricted,Controlled Substance,MHRA / Home Office,Anaesthetic/psychotropic with high abuse potential,Consult doctor for alternatives,Carry prescription and medical certificate,MHRA / Home Office Guidelines,2026-07-20,Medicine: Ketamine. Brand: Ketalar. Generic: Ketamine. Country: UK. Status: Restricted. Regulation Type: Controlled Substance. Authority: MHRA / Home Office. Reason: Anaesthetic/psychotropic with high abuse potential. Alternatives: Consult doctor for alternatives. Traveller Advice: Carry prescription and medical certificate.
Ketamine,Ketalar,Ketamine,Japan,Restricted,Controlled Substance,MHLW,Anaesthetic/psychotropic with high abuse potential,Consult doctor for alternatives,Carry prescription and medical certificate,MHLW Guidelines,2026-07-20,Medicine: Ketamine. Brand: Ketalar. Generic: Ketamine. Country: Japan. Status: Restricted. Regulation Type: Controlled Substance. Authority: MHLW. Reason: Anaesthetic/psychotropic with high abuse potential. Alternatives: Consult doctor for alternatives. Traveller Advice: Carry prescription and medical certificate.
Ketamine,Ketalar,Ketamine,UAE,Banned,Banned,MOHAP,Strictly banned without prior government approval,Consult doctor for alternatives,Apply for import permit well in advance,MOHAP Guidelines,2026-07-20,Medicine: Ketamine. Brand: Ketalar. Generic: Ketamine. Country: UAE. Status: Banned. Regulation Type: Banned. Authority: MOHAP. Reason: Strictly banned without prior government approval. Alternatives: Consult doctor for alternatives. Traveller Advice: Apply for import permit well in advance.
Ketamine,Ketalar,Ketamine,Singapore,Restricted,Controlled Substance,HSA,Controlled under Misuse of Drugs Act,Consult doctor for alternatives,Carry prescription; quantity limits apply,HSA Guidelines,2026-07-20,Medicine: Ketamine. Brand: Ketalar. Generic: Ketamine. Country: Singapore. Status: Restricted. Regulation Type: Controlled Substance. Authority: HSA. Reason: Controlled under Misuse of Drugs Act. Alternatives: Consult doctor for alternatives. Traveller Advice: Carry prescription; quantity limits apply.
Ketamine,Ketalar,Ketamine,Australia,Restricted,Controlled Substance,TGA,Anaesthetic/psychotropic with high abuse potential,Consult doctor for alternatives,Carry prescription and medical certificate,TGA Guidelines,2026-07-20,Medicine: Ketamine. Brand: Ketalar. Generic: Ketamine. Country: Australia. Status: Restricted. Regulation Type: Controlled Substance. Authority: TGA. Reason: Anaesthetic/psychotropic with high abuse potential. Alternatives: Consult doctor for alternatives. Traveller Advice: Carry prescription and medical certificate.
Ketamine,Ketalar,Ketamine,Canada,Restricted,Controlled Substance,Health Canada,Anaesthetic/psychotropic with high abuse potential,Consult doctor for alternatives,Carry prescription and medical certificate,Health Canada Guidelines,2026-07-20,Medicine: Ketamine. Brand: Ketalar. Generic: Ketamine. Country: Canada. Status: Restricted. Regulation Type: Controlled Substance. Authority: Health Canada. Reason: Anaesthetic/psychotropic with high abuse potential. Alternatives: Consult doctor for alternatives. Traveller Advice: Carry prescription and medical certificate.
Ketamine,Ketalar,Ketamine,Germany,Restricted,Controlled Substance,BfArM,Anaesthetic/psychotropic with high abuse potential,Consult doctor for alternatives,Carry prescription and medical certificate,BfArM Guidelines,2026-07-20,Medicine: Ketamine. Brand: Ketalar. Generic: Ketamine. Country: Germany. Status: Restricted. Regulation Type: Controlled Substance. Authority: BfArM. Reason: Anaesthetic/psychotropic with high abuse potential. Alternatives: Consult doctor for alternatives. Traveller Advice: Carry prescription and medical certificate.
Ketamine,Ketalar,Ketamine,France,Restricted,Controlled Substance,ANSM,Anaesthetic/psychotropic with high abuse potential,Consult doctor for alternatives,Carry prescription and medical certificate,ANSM Guidelines,2026-07-20,Medicine: Ketamine. Brand: Ketalar. Generic: Ketamine. Country: France. Status: Restricted. Regulation Type: Controlled Substance. Authority: ANSM. Reason: Anaesthetic/psychotropic with high abuse potential. Alternatives: Consult doctor for alternatives. Traveller Advice: Carry prescription and medical certificate.
Codeine Cough Syrup,Phensedyl,Codeine Phosphate + Promethazine,India,Restricted,Controlled Substance,CDSCO,"Combination narcotic cough syrup, controlled in most jurisdictions",Dextromethorphan-based syrup,Carry prescription; check import limits,CDSCO Guidelines,2026-07-20,"Medicine: Codeine Cough Syrup. Brand: Phensedyl. Generic: Codeine Phosphate + Promethazine. Country: India. Status: Restricted. Regulation Type: Controlled Substance. Authority: CDSCO. Reason: Combination narcotic cough syrup, controlled in most jurisdictions. Alternatives: Dextromethorphan-based syrup. Traveller Advice: Carry prescription; check import limits."
Codeine Cough Syrup,Phensedyl,Codeine Phosphate + Promethazine,USA,Restricted,Controlled Substance,FDA / DEA,"Combination narcotic cough syrup, controlled in most jurisdictions",Dextromethorphan-based syrup,Carry prescription; check import limits,FDA / DEA Guidelines,2026-07-20,"Medicine: Codeine Cough Syrup. Brand: Phensedyl. Generic: Codeine Phosphate + Promethazine. Country: USA. Status: Restricted. Regulation Type: Controlled Substance. Authority: FDA / DEA. Reason: Combination narcotic cough syrup, controlled in most jurisdictions. Alternatives: Dextromethorphan-based syrup. Traveller Advice: Carry prescription; check import limits."
Codeine Cough Syrup,Phensedyl,Codeine Phosphate + Promethazine,UK,Restricted,Controlled Substance,MHRA / Home Office,"Combination narcotic cough syrup, controlled in most jurisdictions",Dextromethorphan-based syrup,Carry prescription; check import limits,MHRA / Home Office Guidelines,2026-07-20,"Medicine: Codeine Cough Syrup. Brand: Phensedyl. Generic: Codeine Phosphate + Promethazine. Country: UK. Status: Restricted. Regulation Type: Controlled Substance. Authority: MHRA / Home Office. Reason: Combination narcotic cough syrup, controlled in most jurisdictions. Alternatives: Dextromethorphan-based syrup. Traveller Advice: Carry prescription; check import limits."
Codeine Cough Syrup,Phensedyl,Codeine Phosphate + Promethazine,Japan,Restricted,Controlled Substance,MHLW,Regulated under narcotics law,Dextromethorphan-based syrup,Carry prescription and Yakkan Shoumei,MHLW Guidelines,2026-07-20,Medicine: Codeine Cough Syrup. Brand: Phensedyl. Generic: Codeine Phosphate + Promethazine. Country: Japan. Status: Restricted. Regulation Type: Controlled Substance. Authority: MHLW. Reason: Regulated under narcotics law. Alternatives: Dextromethorphan-based syrup. Traveller Advice: Carry prescription and Yakkan Shoumei.
Codeine Cough Syrup,Phensedyl,Codeine Phosphate + Promethazine,UAE,Banned,Banned,MOHAP,Zero-tolerance narcotics policy on codeine-containing syrups,Dextromethorphan-based syrup,Do not carry without prior import permit,MOHAP Guidelines,2026-07-20,Medicine: Codeine Cough Syrup. Brand: Phensedyl. Generic: Codeine Phosphate + Promethazine. Country: UAE. Status: Banned. Regulation Type: Banned. Authority: MOHAP. Reason: Zero-tolerance narcotics policy on codeine-containing syrups. Alternatives: Dextromethorphan-based syrup. Traveller Advice: Do not carry without prior import permit.
Codeine Cough Syrup,Phensedyl,Codeine Phosphate + Promethazine,Singapore,Restricted,Controlled Substance,HSA,"Combination narcotic cough syrup, controlled in most jurisdictions",Dextromethorphan-based syrup,Carry prescription; check import limits,HSA Guidelines,2026-07-20,"Medicine: Codeine Cough Syrup. Brand: Phensedyl. Generic: Codeine Phosphate + Promethazine. Country: Singapore. Status: Restricted. Regulation Type: Controlled Substance. Authority: HSA. Reason: Combination narcotic cough syrup, controlled in most jurisdictions. Alternatives: Dextromethorphan-based syrup. Traveller Advice: Carry prescription; check import limits."
Codeine Cough Syrup,Phensedyl,Codeine Phosphate + Promethazine,Australia,Restricted,Controlled Substance,TGA,"Combination narcotic cough syrup, controlled in most jurisdictions",Dextromethorphan-based syrup,Carry prescription; check import limits,TGA Guidelines,2026-07-20,"Medicine: Codeine Cough Syrup. Brand: Phensedyl. Generic: Codeine Phosphate + Promethazine. Country: Australia. Status: Restricted. Regulation Type: Controlled Substance. Authority: TGA. Reason: Combination narcotic cough syrup, controlled in most jurisdictions. Alternatives: Dextromethorphan-based syrup. Traveller Advice: Carry prescription; check import limits."
Codeine Cough Syrup,Phensedyl,Codeine Phosphate + Promethazine,Canada,Restricted,Controlled Substance,Health Canada,"Combination narcotic cough syrup, controlled in most jurisdictions",Dextromethorphan-based syrup,Carry prescription; check import limits,Health Canada Guidelines,2026-07-20,"Medicine: Codeine Cough Syrup. Brand: Phensedyl. Generic: Codeine Phosphate + Promethazine. Country: Canada. Status: Restricted. Regulation Type: Controlled Substance. Authority: Health Canada. Reason: Combination narcotic cough syrup, controlled in most jurisdictions. Alternatives: Dextromethorphan-based syrup. Traveller Advice: Carry prescription; check import limits."
Codeine Cough Syrup,Phensedyl,Codeine Phosphate + Promethazine,Germany,Restricted,Controlled Substance,BfArM,"Combination narcotic cough syrup, controlled in most jurisdictions",Dextromethorphan-based syrup,Carry prescription; check import limits,BfArM Guidelines,2026-07-20,"Medicine: Codeine Cough Syrup. Brand: Phensedyl. Generic: Codeine Phosphate + Promethazine. Country: Germany. Status: Restricted. Regulation Type: Controlled Substance. Authority: BfArM. Reason: Combination narcotic cough syrup, controlled in most jurisdictions. Alternatives: Dextromethorphan-based syrup. Traveller Advice: Carry prescription; check import limits."
Codeine Cough Syrup,Phensedyl,Codeine Phosphate + Promethazine,France,Restricted,Controlled Substance,ANSM,"Combination narcotic cough syrup, controlled in most jurisdictions",Dextromethorphan-based syrup,Carry prescription; check import limits,ANSM Guidelines,2026-07-20,"Medicine: Codeine Cough Syrup. Brand: Phensedyl. Generic: Codeine Phosphate + Promethazine. Country: France. Status: Restricted. Regulation Type: Controlled Substance. Authority: ANSM. Reason: Combination narcotic cough syrup, controlled in most jurisdictions. Alternatives: Dextromethorphan-based syrup. Traveller Advice: Carry prescription; check import limits."
Testosterone Gel,AndroGel,Testosterone,India,Restricted,Controlled Substance,CDSCO,"Anabolic hormone, controlled due to misuse potential",Consult doctor for alternatives,Carry prescription and medical certificate,CDSCO Guidelines,2026-07-20,"Medicine: Testosterone Gel. Brand: AndroGel. Generic: Testosterone. Country: India. Status: Restricted. Regulation Type: Controlled Substance. Authority: CDSCO. Reason: Anabolic hormone, controlled due to misuse potential. Alternatives: Consult doctor for alternatives. Traveller Advice: Carry prescription and medical certificate."
Testosterone Gel,AndroGel,Testosterone,USA,Restricted,Controlled Substance,FDA / DEA,"Anabolic hormone, controlled due to misuse potential",Consult doctor for alternatives,Carry prescription and medical certificate,FDA / DEA Guidelines,2026-07-20,"Medicine: Testosterone Gel. Brand: AndroGel. Generic: Testosterone. Country: USA. Status: Restricted. Regulation Type: Controlled Substance. Authority: FDA / DEA. Reason: Anabolic hormone, controlled due to misuse potential. Alternatives: Consult doctor for alternatives. Traveller Advice: Carry prescription and medical certificate."
Testosterone Gel,AndroGel,Testosterone,UK,Restricted,Controlled Substance,MHRA / Home Office,"Anabolic hormone, controlled due to misuse potential",Consult doctor for alternatives,Carry prescription and medical certificate,MHRA / Home Office Guidelines,2026-07-20,"Medicine: Testosterone Gel. Brand: AndroGel. Generic: Testosterone. Country: UK. Status: Restricted. Regulation Type: Controlled Substance. Authority: MHRA / Home Office. Reason: Anabolic hormone, controlled due to misuse potential. Alternatives: Consult doctor for alternatives. Traveller Advice: Carry prescription and medical certificate."
Testosterone Gel,AndroGel,Testosterone,Japan,Restricted,Controlled Substance,MHLW,"Anabolic hormone, controlled due to misuse potential",Consult doctor for alternatives,Carry prescription and medical certificate,MHLW Guidelines,2026-07-20,"Medicine: Testosterone Gel. Brand: AndroGel. Generic: Testosterone. Country: Japan. Status: Restricted. Regulation Type: Controlled Substance. Authority: MHLW. Reason: Anabolic hormone, controlled due to misuse potential. Alternatives: Consult doctor for alternatives. Traveller Advice: Carry prescription and medical certificate."
Testosterone Gel,AndroGel,Testosterone,UAE,Restricted,Controlled Substance,MOHAP,Controlled hormone; import permit generally required,Consult doctor for alternatives,Apply for MOHAP permit and carry prescription,MOHAP Guidelines,2026-07-20,Medicine: Testosterone Gel. Brand: AndroGel. Generic: Testosterone. Country: UAE. Status: Restricted. Regulation Type: Controlled Substance. Authority: MOHAP. Reason: Controlled hormone; import permit generally required. Alternatives: Consult doctor for alternatives. Traveller Advice: Apply for MOHAP permit and carry prescription.
Testosterone Gel,AndroGel,Testosterone,Singapore,Restricted,Controlled Substance,HSA,"Anabolic hormone, controlled due to misuse potential",Consult doctor for alternatives,Carry prescription and medical certificate,HSA Guidelines,2026-07-20,"Medicine: Testosterone Gel. Brand: AndroGel. Generic: Testosterone. Country: Singapore. Status: Restricted. Regulation Type: Controlled Substance. Authority: HSA. Reason: Anabolic hormone, controlled due to misuse potential. Alternatives: Consult doctor for alternatives. Traveller Advice: Carry prescription and medical certificate."
Testosterone Gel,AndroGel,Testosterone,Australia,Restricted,Controlled Substance,TGA,"Anabolic hormone, controlled due to misuse potential",Consult doctor for alternatives,Carry prescription and medical certificate,TGA Guidelines,2026-07-20,"Medicine: Testosterone Gel. Brand: AndroGel. Generic: Testosterone. Country: Australia. Status: Restricted. Regulation Type: Controlled Substance. Authority: TGA. Reason: Anabolic hormone, controlled due to misuse potential. Alternatives: Consult doctor for alternatives. Traveller Advice: Carry prescription and medical certificate."
Testosterone Gel,AndroGel,Testosterone,Canada,Restricted,Controlled Substance,Health Canada,"Anabolic hormone, controlled due to misuse potential",Consult doctor for alternatives,Carry prescription and medical certificate,Health Canada Guidelines,2026-07-20,"Medicine: Testosterone Gel. Brand: AndroGel. Generic: Testosterone. Country: Canada. Status: Restricted. Regulation Type: Controlled Substance. Authority: Health Canada. Reason: Anabolic hormone, controlled due to misuse potential. Alternatives: Consult doctor for alternatives. Traveller Advice: Carry prescription and medical certificate."
Testosterone Gel,AndroGel,Testosterone,Germany,Restricted,Controlled Substance,BfArM,"Anabolic hormone, controlled due to misuse potential",Consult doctor for alternatives,Carry prescription and medical certificate,BfArM Guidelines,2026-07-20,"Medicine: Testosterone Gel. Brand: AndroGel. Generic: Testosterone. Country: Germany. Status: Restricted. Regulation Type: Controlled Substance. Authority: BfArM. Reason: Anabolic hormone, controlled due to misuse potential. Alternatives: Consult doctor for alternatives. Traveller Advice: Carry prescription and medical certificate."
Testosterone Gel,AndroGel,Testosterone,France,Restricted,Controlled Substance,ANSM,"Anabolic hormone, controlled due to misuse potential",Consult doctor for alternatives,Carry prescription and medical certificate,ANSM Guidelines,2026-07-20,"Medicine: Testosterone Gel. Brand: AndroGel. Generic: Testosterone. Country: France. Status: Restricted. Regulation Type: Controlled Substance. Authority: ANSM. Reason: Anabolic hormone, controlled due to misuse potential. Alternatives: Consult doctor for alternatives. Traveller Advice: Carry prescription and medical certificate."
Human Growth Hormone,Genotropin,Somatropin,India,Restricted,Controlled Substance,CDSCO,"Prescription hormone, controlled due to doping/misuse concerns",Consult doctor for alternatives,Carry prescription and medical certificate,CDSCO Guidelines,2026-07-20,"Medicine: Human Growth Hormone. Brand: Genotropin. Generic: Somatropin. Country: India. Status: Restricted. Regulation Type: Controlled Substance. Authority: CDSCO. Reason: Prescription hormone, controlled due to doping/misuse concerns. Alternatives: Consult doctor for alternatives. Traveller Advice: Carry prescription and medical certificate."
Human Growth Hormone,Genotropin,Somatropin,USA,Restricted,Controlled Substance,FDA / DEA,"Prescription hormone, controlled due to doping/misuse concerns",Consult doctor for alternatives,Carry prescription and medical certificate,FDA / DEA Guidelines,2026-07-20,"Medicine: Human Growth Hormone. Brand: Genotropin. Generic: Somatropin. Country: USA. Status: Restricted. Regulation Type: Controlled Substance. Authority: FDA / DEA. Reason: Prescription hormone, controlled due to doping/misuse concerns. Alternatives: Consult doctor for alternatives. Traveller Advice: Carry prescription and medical certificate."
Human Growth Hormone,Genotropin,Somatropin,UK,Restricted,Controlled Substance,MHRA / Home Office,"Prescription hormone, controlled due to doping/misuse concerns",Consult doctor for alternatives,Carry prescription and medical certificate,MHRA / Home Office Guidelines,2026-07-20,"Medicine: Human Growth Hormone. Brand: Genotropin. Generic: Somatropin. Country: UK. Status: Restricted. Regulation Type: Controlled Substance. Authority: MHRA / Home Office. Reason: Prescription hormone, controlled due to doping/misuse concerns. Alternatives: Consult doctor for alternatives. Traveller Advice: Carry prescription and medical certificate."
Human Growth Hormone,Genotropin,Somatropin,Japan,Restricted,Controlled Substance,MHLW,"Prescription hormone, controlled due to doping/misuse concerns",Consult doctor for alternatives,Carry prescription and medical certificate,MHLW Guidelines,2026-07-20,"Medicine: Human Growth Hormone. Brand: Genotropin. Generic: Somatropin. Country: Japan. Status: Restricted. Regulation Type: Controlled Substance. Authority: MHLW. Reason: Prescription hormone, controlled due to doping/misuse concerns. Alternatives: Consult doctor for alternatives. Traveller Advice: Carry prescription and medical certificate."
Human Growth Hormone,Genotropin,Somatropin,UAE,Restricted,Controlled Substance,MOHAP,"Prescription hormone, controlled due to doping/misuse concerns",Consult doctor for alternatives,Carry prescription and medical certificate,MOHAP Guidelines,2026-07-20,"Medicine: Human Growth Hormone. Brand: Genotropin. Generic: Somatropin. Country: UAE. Status: Restricted. Regulation Type: Controlled Substance. Authority: MOHAP. Reason: Prescription hormone, controlled due to doping/misuse concerns. Alternatives: Consult doctor for alternatives. Traveller Advice: Carry prescription and medical certificate."
Human Growth Hormone,Genotropin,Somatropin,Singapore,Restricted,Controlled Substance,HSA,"Prescription hormone, controlled due to doping/misuse concerns",Consult doctor for alternatives,Carry prescription and medical certificate,HSA Guidelines,2026-07-20,"Medicine: Human Growth Hormone. Brand: Genotropin. Generic: Somatropin. Country: Singapore. Status: Restricted. Regulation Type: Controlled Substance. Authority: HSA. Reason: Prescription hormone, controlled due to doping/misuse concerns. Alternatives: Consult doctor for alternatives. Traveller Advice: Carry prescription and medical certificate."
Human Growth Hormone,Genotropin,Somatropin,Australia,Restricted,Controlled Substance,TGA,"Prescription hormone, controlled due to doping/misuse concerns",Consult doctor for alternatives,Carry prescription and medical certificate,TGA Guidelines,2026-07-20,"Medicine: Human Growth Hormone. Brand: Genotropin. Generic: Somatropin. Country: Australia. Status: Restricted. Regulation Type: Controlled Substance. Authority: TGA. Reason: Prescription hormone, controlled due to doping/misuse concerns. Alternatives: Consult doctor for alternatives. Traveller Advice: Carry prescription and medical certificate."
Human Growth Hormone,Genotropin,Somatropin,Canada,Restricted,Controlled Substance,Health Canada,"Prescription hormone, controlled due to doping/misuse concerns",Consult doctor for alternatives,Carry prescription and medical certificate,Health Canada Guidelines,2026-07-20,"Medicine: Human Growth Hormone. Brand: Genotropin. Generic: Somatropin. Country: Canada. Status: Restricted. Regulation Type: Controlled Substance. Authority: Health Canada. Reason: Prescription hormone, controlled due to doping/misuse concerns. Alternatives: Consult doctor for alternatives. Traveller Advice: Carry prescription and medical certificate."
Human Growth Hormone,Genotropin,Somatropin,Germany,Restricted,Controlled Substance,BfArM,"Prescription hormone, controlled due to doping/misuse concerns",Consult doctor for alternatives,Carry prescription and medical certificate,BfArM Guidelines,2026-07-20,"Medicine: Human Growth Hormone. Brand: Genotropin. Generic: Somatropin. Country: Germany. Status: Restricted. Regulation Type: Controlled Substance. Authority: BfArM. Reason: Prescription hormone, controlled due to doping/misuse concerns. Alternatives: Consult doctor for alternatives. Traveller Advice: Carry prescription and medical certificate."
Human Growth Hormone,Genotropin,Somatropin,France,Restricted,Controlled Substance,ANSM,"Prescription hormone, controlled due to doping/misuse concerns",Consult doctor for alternatives,Carry prescription and medical certificate,ANSM Guidelines,2026-07-20,"Medicine: Human Growth Hormone. Brand: Genotropin. Generic: Somatropin. Country: France. Status: Restricted. Regulation Type: Controlled Substance. Authority: ANSM. Reason: Prescription hormone, controlled due to doping/misuse concerns. Alternatives: Consult doctor for alternatives. Traveller Advice: Carry prescription and medical certificate."
Nicotine Gum,Nicorette,Nicotine,India,Allowed,OTC,CDSCO,"Smoking-cessation aid, generally unrestricted",Nicotine patches,Safe to carry in personal-use quantities,CDSCO Guidelines,2026-07-20,"Medicine: Nicotine Gum. Brand: Nicorette. Generic: Nicotine. Country: India. Status: Allowed. Regulation Type: OTC. Authority: CDSCO. Reason: Smoking-cessation aid, generally unrestricted. Alternatives: Nicotine patches. Traveller Advice: Safe to carry in personal-use quantities."
Nicotine Gum,Nicorette,Nicotine,USA,Allowed,OTC,FDA / DEA,"Smoking-cessation aid, generally unrestricted",Nicotine patches,Safe to carry in personal-use quantities,FDA / DEA Guidelines,2026-07-20,"Medicine: Nicotine Gum. Brand: Nicorette. Generic: Nicotine. Country: USA. Status: Allowed. Regulation Type: OTC. Authority: FDA / DEA. Reason: Smoking-cessation aid, generally unrestricted. Alternatives: Nicotine patches. Traveller Advice: Safe to carry in personal-use quantities."
Nicotine Gum,Nicorette,Nicotine,UK,Allowed,OTC,MHRA / Home Office,"Smoking-cessation aid, generally unrestricted",Nicotine patches,Safe to carry in personal-use quantities,MHRA / Home Office Guidelines,2026-07-20,"Medicine: Nicotine Gum. Brand: Nicorette. Generic: Nicotine. Country: UK. Status: Allowed. Regulation Type: OTC. Authority: MHRA / Home Office. Reason: Smoking-cessation aid, generally unrestricted. Alternatives: Nicotine patches. Traveller Advice: Safe to carry in personal-use quantities."
Nicotine Gum,Nicorette,Nicotine,Japan,Allowed,OTC,MHLW,"Smoking-cessation aid, generally unrestricted",Nicotine patches,Safe to carry in personal-use quantities,MHLW Guidelines,2026-07-20,"Medicine: Nicotine Gum. Brand: Nicorette. Generic: Nicotine. Country: Japan. Status: Allowed. Regulation Type: OTC. Authority: MHLW. Reason: Smoking-cessation aid, generally unrestricted. Alternatives: Nicotine patches. Traveller Advice: Safe to carry in personal-use quantities."
Nicotine Gum,Nicorette,Nicotine,UAE,Allowed,OTC,MOHAP,"Smoking-cessation aid, generally unrestricted",Nicotine patches,Safe to carry in personal-use quantities,MOHAP Guidelines,2026-07-20,"Medicine: Nicotine Gum. Brand: Nicorette. Generic: Nicotine. Country: UAE. Status: Allowed. Regulation Type: OTC. Authority: MOHAP. Reason: Smoking-cessation aid, generally unrestricted. Alternatives: Nicotine patches. Traveller Advice: Safe to carry in personal-use quantities."
Nicotine Gum,Nicorette,Nicotine,Singapore,Restricted,Prescription,HSA,Nicotine replacement products regulated more tightly,Nicotine patches,Carry prescription or purchase locally,HSA Guidelines,2026-07-20,Medicine: Nicotine Gum. Brand: Nicorette. Generic: Nicotine. Country: Singapore. Status: Restricted. Regulation Type: Prescription. Authority: HSA. Reason: Nicotine replacement products regulated more tightly. Alternatives: Nicotine patches. Traveller Advice: Carry prescription or purchase locally.
Nicotine Gum,Nicorette,Nicotine,Australia,Allowed,OTC,TGA,"Smoking-cessation aid, generally unrestricted",Nicotine patches,Safe to carry in personal-use quantities,TGA Guidelines,2026-07-20,"Medicine: Nicotine Gum. Brand: Nicorette. Generic: Nicotine. Country: Australia. Status: Allowed. Regulation Type: OTC. Authority: TGA. Reason: Smoking-cessation aid, generally unrestricted. Alternatives: Nicotine patches. Traveller Advice: Safe to carry in personal-use quantities."
Nicotine Gum,Nicorette,Nicotine,Canada,Allowed,OTC,Health Canada,"Smoking-cessation aid, generally unrestricted",Nicotine patches,Safe to carry in personal-use quantities,Health Canada Guidelines,2026-07-20,"Medicine: Nicotine Gum. Brand: Nicorette. Generic: Nicotine. Country: Canada. Status: Allowed. Regulation Type: OTC. Authority: Health Canada. Reason: Smoking-cessation aid, generally unrestricted. Alternatives: Nicotine patches. Traveller Advice: Safe to carry in personal-use quantities."
Nicotine Gum,Nicorette,Nicotine,Germany,Allowed,OTC,BfArM,"Smoking-cessation aid, generally unrestricted",Nicotine patches,Safe to carry in personal-use quantities,BfArM Guidelines,2026-07-20,"Medicine: Nicotine Gum. Brand: Nicorette. Generic: Nicotine. Country: Germany. Status: Allowed. Regulation Type: OTC. Authority: BfArM. Reason: Smoking-cessation aid, generally unrestricted. Alternatives: Nicotine patches. Traveller Advice: Safe to carry in personal-use quantities."
Nicotine Gum,Nicorette,Nicotine,France,Allowed,OTC,ANSM,"Smoking-cessation aid, generally unrestricted",Nicotine patches,Safe to carry in personal-use quantities,ANSM Guidelines,2026-07-20,"Medicine: Nicotine Gum. Brand: Nicorette. Generic: Nicotine. Country: France. Status: Allowed. Regulation Type: OTC. Authority: ANSM. Reason: Smoking-cessation aid, generally unrestricted. Alternatives: Nicotine patches. Traveller Advice: Safe to carry in personal-use quantities."
Loperamide,Imodium,Loperamide,India,Allowed,OTC,CDSCO,"Anti-diarrhoeal, generally unrestricted",Oral rehydration salts,Safe to carry in personal-use quantities,CDSCO Guidelines,2026-07-20,"Medicine: Loperamide. Brand: Imodium. Generic: Loperamide. Country: India. Status: Allowed. Regulation Type: OTC. Authority: CDSCO. Reason: Anti-diarrhoeal, generally unrestricted. Alternatives: Oral rehydration salts. Traveller Advice: Safe to carry in personal-use quantities."
Loperamide,Imodium,Loperamide,USA,Allowed,OTC,FDA / DEA,"Anti-diarrhoeal, generally unrestricted",Oral rehydration salts,Safe to carry in personal-use quantities,FDA / DEA Guidelines,2026-07-20,"Medicine: Loperamide. Brand: Imodium. Generic: Loperamide. Country: USA. Status: Allowed. Regulation Type: OTC. Authority: FDA / DEA. Reason: Anti-diarrhoeal, generally unrestricted. Alternatives: Oral rehydration salts. Traveller Advice: Safe to carry in personal-use quantities."
Loperamide,Imodium,Loperamide,UK,Allowed,OTC,MHRA / Home Office,"Anti-diarrhoeal, generally unrestricted",Oral rehydration salts,Safe to carry in personal-use quantities,MHRA / Home Office Guidelines,2026-07-20,"Medicine: Loperamide. Brand: Imodium. Generic: Loperamide. Country: UK. Status: Allowed. Regulation Type: OTC. Authority: MHRA / Home Office. Reason: Anti-diarrhoeal, generally unrestricted. Alternatives: Oral rehydration salts. Traveller Advice: Safe to carry in personal-use quantities."
Loperamide,Imodium,Loperamide,Japan,Allowed,OTC,MHLW,"Anti-diarrhoeal, generally unrestricted",Oral rehydration salts,Safe to carry in personal-use quantities,MHLW Guidelines,2026-07-20,"Medicine: Loperamide. Brand: Imodium. Generic: Loperamide. Country: Japan. Status: Allowed. Regulation Type: OTC. Authority: MHLW. Reason: Anti-diarrhoeal, generally unrestricted. Alternatives: Oral rehydration salts. Traveller Advice: Safe to carry in personal-use quantities."
Loperamide,Imodium,Loperamide,UAE,Allowed,OTC,MOHAP,"Anti-diarrhoeal, generally unrestricted",Oral rehydration salts,Safe to carry in personal-use quantities,MOHAP Guidelines,2026-07-20,"Medicine: Loperamide. Brand: Imodium. Generic: Loperamide. Country: UAE. Status: Allowed. Regulation Type: OTC. Authority: MOHAP. Reason: Anti-diarrhoeal, generally unrestricted. Alternatives: Oral rehydration salts. Traveller Advice: Safe to carry in personal-use quantities."
Loperamide,Imodium,Loperamide,Singapore,Allowed,OTC,HSA,"Anti-diarrhoeal, generally unrestricted",Oral rehydration salts,Safe to carry in personal-use quantities,HSA Guidelines,2026-07-20,"Medicine: Loperamide. Brand: Imodium. Generic: Loperamide. Country: Singapore. Status: Allowed. Regulation Type: OTC. Authority: HSA. Reason: Anti-diarrhoeal, generally unrestricted. Alternatives: Oral rehydration salts. Traveller Advice: Safe to carry in personal-use quantities."
Loperamide,Imodium,Loperamide,Australia,Allowed,OTC,TGA,"Anti-diarrhoeal, generally unrestricted",Oral rehydration salts,Safe to carry in personal-use quantities,TGA Guidelines,2026-07-20,"Medicine: Loperamide. Brand: Imodium. Generic: Loperamide. Country: Australia. Status: Allowed. Regulation Type: OTC. Authority: TGA. Reason: Anti-diarrhoeal, generally unrestricted. Alternatives: Oral rehydration salts. Traveller Advice: Safe to carry in personal-use quantities."
Loperamide,Imodium,Loperamide,Canada,Allowed,OTC,Health Canada,"Anti-diarrhoeal, generally unrestricted",Oral rehydration salts,Safe to carry in personal-use quantities,Health Canada Guidelines,2026-07-20,"Medicine: Loperamide. Brand: Imodium. Generic: Loperamide. Country: Canada. Status: Allowed. Regulation Type: OTC. Authority: Health Canada. Reason: Anti-diarrhoeal, generally unrestricted. Alternatives: Oral rehydration salts. Traveller Advice: Safe to carry in personal-use quantities."
Loperamide,Imodium,Loperamide,Germany,Allowed,OTC,BfArM,"Anti-diarrhoeal, generally unrestricted",Oral rehydration salts,Safe to carry in personal-use quantities,BfArM Guidelines,2026-07-20,"Medicine: Loperamide. Brand: Imodium. Generic: Loperamide. Country: Germany. Status: Allowed. Regulation Type: OTC. Authority: BfArM. Reason: Anti-diarrhoeal, generally unrestricted. Alternatives: Oral rehydration salts. Traveller Advice: Safe to carry in personal-use quantities."
Loperamide,Imodium,Loperamide,France,Allowed,OTC,ANSM,"Anti-diarrhoeal, generally unrestricted",Oral rehydration salts,Safe to carry in personal-use quantities,ANSM Guidelines,2026-07-20,"Medicine: Loperamide. Brand: Imodium. Generic: Loperamide. Country: France. Status: Allowed. Regulation Type: OTC. Authority: ANSM. Reason: Anti-diarrhoeal, generally unrestricted. Alternatives: Oral rehydration salts. Traveller Advice: Safe to carry in personal-use quantities."
Ondansetron,Zofran,Ondansetron,India,Allowed,Prescription,CDSCO,"Anti-nausea medicine, not restricted for travel",Domperidone (where legal),Carry prescription,CDSCO Guidelines,2026-07-20,"Medicine: Ondansetron. Brand: Zofran. Generic: Ondansetron. Country: India. Status: Allowed. Regulation Type: Prescription. Authority: CDSCO. Reason: Anti-nausea medicine, not restricted for travel. Alternatives: Domperidone (where legal). Traveller Advice: Carry prescription."
Ondansetron,Zofran,Ondansetron,USA,Allowed,Prescription,FDA / DEA,"Anti-nausea medicine, not restricted for travel",Domperidone (where legal),Carry prescription,FDA / DEA Guidelines,2026-07-20,"Medicine: Ondansetron. Brand: Zofran. Generic: Ondansetron. Country: USA. Status: Allowed. Regulation Type: Prescription. Authority: FDA / DEA. Reason: Anti-nausea medicine, not restricted for travel. Alternatives: Domperidone (where legal). Traveller Advice: Carry prescription."
Ondansetron,Zofran,Ondansetron,UK,Allowed,Prescription,MHRA / Home Office,"Anti-nausea medicine, not restricted for travel",Domperidone (where legal),Carry prescription,MHRA / Home Office Guidelines,2026-07-20,"Medicine: Ondansetron. Brand: Zofran. Generic: Ondansetron. Country: UK. Status: Allowed. Regulation Type: Prescription. Authority: MHRA / Home Office. Reason: Anti-nausea medicine, not restricted for travel. Alternatives: Domperidone (where legal). Traveller Advice: Carry prescription."
Ondansetron,Zofran,Ondansetron,Japan,Allowed,Prescription,MHLW,"Anti-nausea medicine, not restricted for travel",Domperidone (where legal),Carry prescription,MHLW Guidelines,2026-07-20,"Medicine: Ondansetron. Brand: Zofran. Generic: Ondansetron. Country: Japan. Status: Allowed. Regulation Type: Prescription. Authority: MHLW. Reason: Anti-nausea medicine, not restricted for travel. Alternatives: Domperidone (where legal). Traveller Advice: Carry prescription."
Ondansetron,Zofran,Ondansetron,UAE,Allowed,Prescription,MOHAP,"Anti-nausea medicine, not restricted for travel",Domperidone (where legal),Carry prescription,MOHAP Guidelines,2026-07-20,"Medicine: Ondansetron. Brand: Zofran. Generic: Ondansetron. Country: UAE. Status: Allowed. Regulation Type: Prescription. Authority: MOHAP. Reason: Anti-nausea medicine, not restricted for travel. Alternatives: Domperidone (where legal). Traveller Advice: Carry prescription."
Ondansetron,Zofran,Ondansetron,Singapore,Allowed,Prescription,HSA,"Anti-nausea medicine, not restricted for travel",Domperidone (where legal),Carry prescription,HSA Guidelines,2026-07-20,"Medicine: Ondansetron. Brand: Zofran. Generic: Ondansetron. Country: Singapore. Status: Allowed. Regulation Type: Prescription. Authority: HSA. Reason: Anti-nausea medicine, not restricted for travel. Alternatives: Domperidone (where legal). Traveller Advice: Carry prescription."
Ondansetron,Zofran,Ondansetron,Australia,Allowed,Prescription,TGA,"Anti-nausea medicine, not restricted for travel",Domperidone (where legal),Carry prescription,TGA Guidelines,2026-07-20,"Medicine: Ondansetron. Brand: Zofran. Generic: Ondansetron. Country: Australia. Status: Allowed. Regulation Type: Prescription. Authority: TGA. Reason: Anti-nausea medicine, not restricted for travel. Alternatives: Domperidone (where legal). Traveller Advice: Carry prescription."
Ondansetron,Zofran,Ondansetron,Canada,Allowed,Prescription,Health Canada,"Anti-nausea medicine, not restricted for travel",Domperidone (where legal),Carry prescription,Health Canada Guidelines,2026-07-20,"Medicine: Ondansetron. Brand: Zofran. Generic: Ondansetron. Country: Canada. Status: Allowed. Regulation Type: Prescription. Authority: Health Canada. Reason: Anti-nausea medicine, not restricted for travel. Alternatives: Domperidone (where legal). Traveller Advice: Carry prescription."
Ondansetron,Zofran,Ondansetron,Germany,Allowed,Prescription,BfArM,"Anti-nausea medicine, not restricted for travel",Domperidone (where legal),Carry prescription,BfArM Guidelines,2026-07-20,"Medicine: Ondansetron. Brand: Zofran. Generic: Ondansetron. Country: Germany. Status: Allowed. Regulation Type: Prescription. Authority: BfArM. Reason: Anti-nausea medicine, not restricted for travel. Alternatives: Domperidone (where legal). Traveller Advice: Carry prescription."
Ondansetron,Zofran,Ondansetron,France,Allowed,Prescription,ANSM,"Anti-nausea medicine, not restricted for travel",Domperidone (where legal),Carry prescription,ANSM Guidelines,2026-07-20,"Medicine: Ondansetron. Brand: Zofran. Generic: Ondansetron. Country: France. Status: Allowed. Regulation Type: Prescription. Authority: ANSM. Reason: Anti-nausea medicine, not restricted for travel. Alternatives: Domperidone (where legal). Traveller Advice: Carry prescription."
Ranitidine,Zantac,Ranitidine,India,Allowed,OTC/Prescription,CDSCO,Still available in some formulations,"Omeprazole, Famotidine",Carry prescription if available,CDSCO Guidelines,2026-07-20,"Medicine: Ranitidine. Brand: Zantac. Generic: Ranitidine. Country: India. Status: Allowed. Regulation Type: OTC/Prescription. Authority: CDSCO. Reason: Still available in some formulations. Alternatives: Omeprazole, Famotidine. Traveller Advice: Carry prescription if available."
Ranitidine,Zantac,Ranitidine,USA,Restricted,Withdrawn/Discontinued,FDA / DEA,Withdrawn in several markets over contamination concerns (NDMA),"Omeprazole, Famotidine",Check local availability; carry alternative antacid,FDA / DEA Guidelines,2026-07-20,"Medicine: Ranitidine. Brand: Zantac. Generic: Ranitidine. Country: USA. Status: Restricted. Regulation Type: Withdrawn/Discontinued. Authority: FDA / DEA. Reason: Withdrawn in several markets over contamination concerns (NDMA). Alternatives: Omeprazole, Famotidine. Traveller Advice: Check local availability; carry alternative antacid."
Ranitidine,Zantac,Ranitidine,UK,Restricted,Withdrawn/Discontinued,MHRA / Home Office,Withdrawn in several markets over contamination concerns (NDMA),"Omeprazole, Famotidine",Check local availability; carry alternative antacid,MHRA / Home Office Guidelines,2026-07-20,"Medicine: Ranitidine. Brand: Zantac. Generic: Ranitidine. Country: UK. Status: Restricted. Regulation Type: Withdrawn/Discontinued. Authority: MHRA / Home Office. Reason: Withdrawn in several markets over contamination concerns (NDMA). Alternatives: Omeprazole, Famotidine. Traveller Advice: Check local availability; carry alternative antacid."
Ranitidine,Zantac,Ranitidine,Japan,Restricted,Withdrawn/Discontinued,MHLW,Withdrawn in several markets over contamination concerns (NDMA),"Omeprazole, Famotidine",Check local availability; carry alternative antacid,MHLW Guidelines,2026-07-20,"Medicine: Ranitidine. Brand: Zantac. Generic: Ranitidine. Country: Japan. Status: Restricted. Regulation Type: Withdrawn/Discontinued. Authority: MHLW. Reason: Withdrawn in several markets over contamination concerns (NDMA). Alternatives: Omeprazole, Famotidine. Traveller Advice: Check local availability; carry alternative antacid."
Ranitidine,Zantac,Ranitidine,UAE,Restricted,Withdrawn/Discontinued,MOHAP,Withdrawn in several markets over contamination concerns (NDMA),"Omeprazole, Famotidine",Check local availability; carry alternative antacid,MOHAP Guidelines,2026-07-20,"Medicine: Ranitidine. Brand: Zantac. Generic: Ranitidine. Country: UAE. Status: Restricted. Regulation Type: Withdrawn/Discontinued. Authority: MOHAP. Reason: Withdrawn in several markets over contamination concerns (NDMA). Alternatives: Omeprazole, Famotidine. Traveller Advice: Check local availability; carry alternative antacid."
Ranitidine,Zantac,Ranitidine,Singapore,Restricted,Withdrawn/Discontinued,HSA,Withdrawn in several markets over contamination concerns (NDMA),"Omeprazole, Famotidine",Check local availability; carry alternative antacid,HSA Guidelines,2026-07-20,"Medicine: Ranitidine. Brand: Zantac. Generic: Ranitidine. Country: Singapore. Status: Restricted. Regulation Type: Withdrawn/Discontinued. Authority: HSA. Reason: Withdrawn in several markets over contamination concerns (NDMA). Alternatives: Omeprazole, Famotidine. Traveller Advice: Check local availability; carry alternative antacid."
Ranitidine,Zantac,Ranitidine,Australia,Restricted,Withdrawn/Discontinued,TGA,Withdrawn in several markets over contamination concerns (NDMA),"Omeprazole, Famotidine",Check local availability; carry alternative antacid,TGA Guidelines,2026-07-20,"Medicine: Ranitidine. Brand: Zantac. Generic: Ranitidine. Country: Australia. Status: Restricted. Regulation Type: Withdrawn/Discontinued. Authority: TGA. Reason: Withdrawn in several markets over contamination concerns (NDMA). Alternatives: Omeprazole, Famotidine. Traveller Advice: Check local availability; carry alternative antacid."
Ranitidine,Zantac,Ranitidine,Canada,Restricted,Withdrawn/Discontinued,Health Canada,Withdrawn in several markets over contamination concerns (NDMA),"Omeprazole, Famotidine",Check local availability; carry alternative antacid,Health Canada Guidelines,2026-07-20,"Medicine: Ranitidine. Brand: Zantac. Generic: Ranitidine. Country: Canada. Status: Restricted. Regulation Type: Withdrawn/Discontinued. Authority: Health Canada. Reason: Withdrawn in several markets over contamination concerns (NDMA). Alternatives: Omeprazole, Famotidine. Traveller Advice: Check local availability; carry alternative antacid."
Ranitidine,Zantac,Ranitidine,Germany,Restricted,Withdrawn/Discontinued,BfArM,Withdrawn in several markets over contamination concerns (NDMA),"Omeprazole, Famotidine",Check local availability; carry alternative antacid,BfArM Guidelines,2026-07-20,"Medicine: Ranitidine. Brand: Zantac. Generic: Ranitidine. Country: Germany. Status: Restricted. Regulation Type: Withdrawn/Discontinued. Authority: BfArM. Reason: Withdrawn in several markets over contamination concerns (NDMA). Alternatives: Omeprazole, Famotidine. Traveller Advice: Check local availability; carry alternative antacid."
Ranitidine,Zantac,Ranitidine,France,Restricted,Withdrawn/Discontinued,ANSM,Withdrawn in several markets over contamination concerns (NDMA),"Omeprazole, Famotidine",Check local availability; carry alternative antacid,ANSM Guidelines,2026-07-20,"Medicine: Ranitidine. Brand: Zantac. Generic: Ranitidine. Country: France. Status: Restricted. Regulation Type: Withdrawn/Discontinued. Authority: ANSM. Reason: Withdrawn in several markets over contamination concerns (NDMA). Alternatives: Omeprazole, Famotidine. Traveller Advice: Check local availability; carry alternative antacid."
Phenobarbital,Luminal,Phenobarbital,India,Restricted,Controlled Substance,CDSCO,"Barbiturate, internationally controlled sedative/anticonvulsant",Consult doctor for alternatives,Carry prescription and medical certificate,CDSCO Guidelines,2026-07-20,"Medicine: Phenobarbital. Brand: Luminal. Generic: Phenobarbital. Country: India. Status: Restricted. Regulation Type: Controlled Substance. Authority: CDSCO. Reason: Barbiturate, internationally controlled sedative/anticonvulsant. Alternatives: Consult doctor for alternatives. Traveller Advice: Carry prescription and medical certificate."
Phenobarbital,Luminal,Phenobarbital,USA,Restricted,Controlled Substance,FDA / DEA,"Barbiturate, internationally controlled sedative/anticonvulsant",Consult doctor for alternatives,Carry prescription and medical certificate,FDA / DEA Guidelines,2026-07-20,"Medicine: Phenobarbital. Brand: Luminal. Generic: Phenobarbital. Country: USA. Status: Restricted. Regulation Type: Controlled Substance. Authority: FDA / DEA. Reason: Barbiturate, internationally controlled sedative/anticonvulsant. Alternatives: Consult doctor for alternatives. Traveller Advice: Carry prescription and medical certificate."
Phenobarbital,Luminal,Phenobarbital,UK,Restricted,Controlled Substance,MHRA / Home Office,"Barbiturate, internationally controlled sedative/anticonvulsant",Consult doctor for alternatives,Carry prescription and medical certificate,MHRA / Home Office Guidelines,2026-07-20,"Medicine: Phenobarbital. Brand: Luminal. Generic: Phenobarbital. Country: UK. Status: Restricted. Regulation Type: Controlled Substance. Authority: MHRA / Home Office. Reason: Barbiturate, internationally controlled sedative/anticonvulsant. Alternatives: Consult doctor for alternatives. Traveller Advice: Carry prescription and medical certificate."
Phenobarbital,Luminal,Phenobarbital,Japan,Restricted,Controlled Substance,MHLW,"Barbiturate, internationally controlled sedative/anticonvulsant",Consult doctor for alternatives,Carry prescription and medical certificate,MHLW Guidelines,2026-07-20,"Medicine: Phenobarbital. Brand: Luminal. Generic: Phenobarbital. Country: Japan. Status: Restricted. Regulation Type: Controlled Substance. Authority: MHLW. Reason: Barbiturate, internationally controlled sedative/anticonvulsant. Alternatives: Consult doctor for alternatives. Traveller Advice: Carry prescription and medical certificate."
Phenobarbital,Luminal,Phenobarbital,UAE,Restricted,Controlled Substance,MOHAP,Controlled psychotropic; import permit generally required,Consult doctor for alternatives,Apply for MOHAP permit and carry prescription,MOHAP Guidelines,2026-07-20,Medicine: Phenobarbital. Brand: Luminal. Generic: Phenobarbital. Country: UAE. Status: Restricted. Regulation Type: Controlled Substance. Authority: MOHAP. Reason: Controlled psychotropic; import permit generally required. Alternatives: Consult doctor for alternatives. Traveller Advice: Apply for MOHAP permit and carry prescription.
Phenobarbital,Luminal,Phenobarbital,Singapore,Restricted,Controlled Substance,HSA,"Barbiturate, internationally controlled sedative/anticonvulsant",Consult doctor for alternatives,Carry prescription and medical certificate,HSA Guidelines,2026-07-20,"Medicine: Phenobarbital. Brand: Luminal. Generic: Phenobarbital. Country: Singapore. Status: Restricted. Regulation Type: Controlled Substance. Authority: HSA. Reason: Barbiturate, internationally controlled sedative/anticonvulsant. Alternatives: Consult doctor for alternatives. Traveller Advice: Carry prescription and medical certificate."
Phenobarbital,Luminal,Phenobarbital,Australia,Restricted,Controlled Substance,TGA,"Barbiturate, internationally controlled sedative/anticonvulsant",Consult doctor for alternatives,Carry prescription and medical certificate,TGA Guidelines,2026-07-20,"Medicine: Phenobarbital. Brand: Luminal. Generic: Phenobarbital. Country: Australia. Status: Restricted. Regulation Type: Controlled Substance. Authority: TGA. Reason: Barbiturate, internationally controlled sedative/anticonvulsant. Alternatives: Consult doctor for alternatives. Traveller Advice: Carry prescription and medical certificate."
Phenobarbital,Luminal,Phenobarbital,Canada,Restricted,Controlled Substance,Health Canada,"Barbiturate, internationally controlled sedative/anticonvulsant",Consult doctor for alternatives,Carry prescription and medical certificate,Health Canada Guidelines,2026-07-20,"Medicine: Phenobarbital. Brand: Luminal. Generic: Phenobarbital. Country: Canada. Status: Restricted. Regulation Type: Controlled Substance. Authority: Health Canada. Reason: Barbiturate, internationally controlled sedative/anticonvulsant. Alternatives: Consult doctor for alternatives. Traveller Advice: Carry prescription and medical certificate."
Phenobarbital,Luminal,Phenobarbital,Germany,Restricted,Controlled Substance,BfArM,"Barbiturate, internationally controlled sedative/anticonvulsant",Consult doctor for alternatives,Carry prescription and medical certificate,BfArM Guidelines,2026-07-20,"Medicine: Phenobarbital. Brand: Luminal. Generic: Phenobarbital. Country: Germany. Status: Restricted. Regulation Type: Controlled Substance. Authority: BfArM. Reason: Barbiturate, internationally controlled sedative/anticonvulsant. Alternatives: Consult doctor for alternatives. Traveller Advice: Carry prescription and medical certificate."
Phenobarbital,Luminal,Phenobarbital,France,Restricted,Controlled Substance,ANSM,"Barbiturate, internationally controlled sedative/anticonvulsant",Consult doctor for alternatives,Carry prescription and medical certificate,ANSM Guidelines,2026-07-20,"Medicine: Phenobarbital. Brand: Luminal. Generic: Phenobarbital. Country: France. Status: Restricted. Regulation Type: Controlled Substance. Authority: ANSM. Reason: Barbiturate, internationally controlled sedative/anticonvulsant. Alternatives: Consult doctor for alternatives. Traveller Advice: Carry prescription and medical certificate."
Buprenorphine,Subutex / Suboxone,Buprenorphine,India,Restricted,Controlled Substance,CDSCO,"Opioid substitution therapy drug, tightly controlled",Consult doctor for alternatives,Carry prescription and medical certificate; declare at customs,CDSCO Guidelines,2026-07-20,"Medicine: Buprenorphine. Brand: Subutex / Suboxone. Generic: Buprenorphine. Country: India. Status: Restricted. Regulation Type: Controlled Substance. Authority: CDSCO. Reason: Opioid substitution therapy drug, tightly controlled. Alternatives: Consult doctor for alternatives. Traveller Advice: Carry prescription and medical certificate; declare at customs."
Buprenorphine,Subutex / Suboxone,Buprenorphine,USA,Restricted,Controlled Substance,FDA / DEA,"Opioid substitution therapy drug, tightly controlled",Consult doctor for alternatives,Carry prescription and medical certificate; declare at customs,FDA / DEA Guidelines,2026-07-20,"Medicine: Buprenorphine. Brand: Subutex / Suboxone. Generic: Buprenorphine. Country: USA. Status: Restricted. Regulation Type: Controlled Substance. Authority: FDA / DEA. Reason: Opioid substitution therapy drug, tightly controlled. Alternatives: Consult doctor for alternatives. Traveller Advice: Carry prescription and medical certificate; declare at customs."
Buprenorphine,Subutex / Suboxone,Buprenorphine,UK,Restricted,Controlled Substance,MHRA / Home Office,"Opioid substitution therapy drug, tightly controlled",Consult doctor for alternatives,Carry prescription and medical certificate; declare at customs,MHRA / Home Office Guidelines,2026-07-20,"Medicine: Buprenorphine. Brand: Subutex / Suboxone. Generic: Buprenorphine. Country: UK. Status: Restricted. Regulation Type: Controlled Substance. Authority: MHRA / Home Office. Reason: Opioid substitution therapy drug, tightly controlled. Alternatives: Consult doctor for alternatives. Traveller Advice: Carry prescription and medical certificate; declare at customs."
Buprenorphine,Subutex / Suboxone,Buprenorphine,Japan,Restricted,Controlled Substance,MHLW,"Opioid substitution therapy drug, tightly controlled",Consult doctor for alternatives,Carry prescription and medical certificate; declare at customs,MHLW Guidelines,2026-07-20,"Medicine: Buprenorphine. Brand: Subutex / Suboxone. Generic: Buprenorphine. Country: Japan. Status: Restricted. Regulation Type: Controlled Substance. Authority: MHLW. Reason: Opioid substitution therapy drug, tightly controlled. Alternatives: Consult doctor for alternatives. Traveller Advice: Carry prescription and medical certificate; declare at customs."
Buprenorphine,Subutex / Suboxone,Buprenorphine,UAE,Banned,Banned,MOHAP,Strictly banned without prior government approval,Consult doctor for alternatives,Apply for import permit well in advance,MOHAP Guidelines,2026-07-20,Medicine: Buprenorphine. Brand: Subutex / Suboxone. Generic: Buprenorphine. Country: UAE. Status: Banned. Regulation Type: Banned. Authority: MOHAP. Reason: Strictly banned without prior government approval. Alternatives: Consult doctor for alternatives. Traveller Advice: Apply for import permit well in advance.
Buprenorphine,Subutex / Suboxone,Buprenorphine,Singapore,Restricted,Controlled Substance,HSA,Controlled under Misuse of Drugs Act,Consult doctor for alternatives,Carry prescription; quantity limits apply,HSA Guidelines,2026-07-20,Medicine: Buprenorphine. Brand: Subutex / Suboxone. Generic: Buprenorphine. Country: Singapore. Status: Restricted. Regulation Type: Controlled Substance. Authority: HSA. Reason: Controlled under Misuse of Drugs Act. Alternatives: Consult doctor for alternatives. Traveller Advice: Carry prescription; quantity limits apply.
Buprenorphine,Subutex / Suboxone,Buprenorphine,Australia,Restricted,Controlled Substance,TGA,"Opioid substitution therapy drug, tightly controlled",Consult doctor for alternatives,Carry prescription and medical certificate; declare at customs,TGA Guidelines,2026-07-20,"Medicine: Buprenorphine. Brand: Subutex / Suboxone. Generic: Buprenorphine. Country: Australia. Status: Restricted. Regulation Type: Controlled Substance. Authority: TGA. Reason: Opioid substitution therapy drug, tightly controlled. Alternatives: Consult doctor for alternatives. Traveller Advice: Carry prescription and medical certificate; declare at customs."
Buprenorphine,Subutex / Suboxone,Buprenorphine,Canada,Restricted,Controlled Substance,Health Canada,"Opioid substitution therapy drug, tightly controlled",Consult doctor for alternatives,Carry prescription and medical certificate; declare at customs,Health Canada Guidelines,2026-07-20,"Medicine: Buprenorphine. Brand: Subutex / Suboxone. Generic: Buprenorphine. Country: Canada. Status: Restricted. Regulation Type: Controlled Substance. Authority: Health Canada. Reason: Opioid substitution therapy drug, tightly controlled. Alternatives: Consult doctor for alternatives. Traveller Advice: Carry prescription and medical certificate; declare at customs."
Buprenorphine,Subutex / Suboxone,Buprenorphine,Germany,Restricted,Controlled Substance,BfArM,"Opioid substitution therapy drug, tightly controlled",Consult doctor for alternatives,Carry prescription and medical certificate; declare at customs,BfArM Guidelines,2026-07-20,"Medicine: Buprenorphine. Brand: Subutex / Suboxone. Generic: Buprenorphine. Country: Germany. Status: Restricted. Regulation Type: Controlled Substance. Authority: BfArM. Reason: Opioid substitution therapy drug, tightly controlled. Alternatives: Consult doctor for alternatives. Traveller Advice: Carry prescription and medical certificate; declare at customs."
Buprenorphine,Subutex / Suboxone,Buprenorphine,France,Restricted,Controlled Substance,ANSM,"Opioid substitution therapy drug, tightly controlled",Consult doctor for alternatives,Carry prescription and medical certificate; declare at customs,ANSM Guidelines,2026-07-20,"Medicine: Buprenorphine. Brand: Subutex / Suboxone. Generic: Buprenorphine. Country: France. Status: Restricted. Regulation Type: Controlled Substance. Authority: ANSM. Reason: Opioid substitution therapy drug, tightly controlled. Alternatives: Consult doctor for alternatives. Traveller Advice: Carry prescription and medical certificate; declare at customs."
Chlorpheniramine,Piriton,Chlorpheniramine Maleate,India,Allowed,OTC,CDSCO,"Common antihistamine, generally unrestricted","Cetirizine, Loratadine",Safe to carry in personal-use quantities,CDSCO Guidelines,2026-07-20,"Medicine: Chlorpheniramine. Brand: Piriton. Generic: Chlorpheniramine Maleate. Country: India. Status: Allowed. Regulation Type: OTC. Authority: CDSCO. Reason: Common antihistamine, generally unrestricted. Alternatives: Cetirizine, Loratadine. Traveller Advice: Safe to carry in personal-use quantities."
Chlorpheniramine,Piriton,Chlorpheniramine Maleate,USA,Allowed,OTC,FDA / DEA,"Common antihistamine, generally unrestricted","Cetirizine, Loratadine",Safe to carry in personal-use quantities,FDA / DEA Guidelines,2026-07-20,"Medicine: Chlorpheniramine. Brand: Piriton. Generic: Chlorpheniramine Maleate. Country: USA. Status: Allowed. Regulation Type: OTC. Authority: FDA / DEA. Reason: Common antihistamine, generally unrestricted. Alternatives: Cetirizine, Loratadine. Traveller Advice: Safe to carry in personal-use quantities."
Chlorpheniramine,Piriton,Chlorpheniramine Maleate,UK,Allowed,OTC,MHRA / Home Office,"Common antihistamine, generally unrestricted","Cetirizine, Loratadine",Safe to carry in personal-use quantities,MHRA / Home Office Guidelines,2026-07-20,"Medicine: Chlorpheniramine. Brand: Piriton. Generic: Chlorpheniramine Maleate. Country: UK. Status: Allowed. Regulation Type: OTC. Authority: MHRA / Home Office. Reason: Common antihistamine, generally unrestricted. Alternatives: Cetirizine, Loratadine. Traveller Advice: Safe to carry in personal-use quantities."
Chlorpheniramine,Piriton,Chlorpheniramine Maleate,Japan,Allowed,OTC,MHLW,"Common antihistamine, generally unrestricted","Cetirizine, Loratadine",Safe to carry in personal-use quantities,MHLW Guidelines,2026-07-20,"Medicine: Chlorpheniramine. Brand: Piriton. Generic: Chlorpheniramine Maleate. Country: Japan. Status: Allowed. Regulation Type: OTC. Authority: MHLW. Reason: Common antihistamine, generally unrestricted. Alternatives: Cetirizine, Loratadine. Traveller Advice: Safe to carry in personal-use quantities."
Chlorpheniramine,Piriton,Chlorpheniramine Maleate,UAE,Allowed,OTC,MOHAP,"Common antihistamine, generally unrestricted","Cetirizine, Loratadine",Safe to carry in personal-use quantities,MOHAP Guidelines,2026-07-20,"Medicine: Chlorpheniramine. Brand: Piriton. Generic: Chlorpheniramine Maleate. Country: UAE. Status: Allowed. Regulation Type: OTC. Authority: MOHAP. Reason: Common antihistamine, generally unrestricted. Alternatives: Cetirizine, Loratadine. Traveller Advice: Safe to carry in personal-use quantities."
Chlorpheniramine,Piriton,Chlorpheniramine Maleate,Singapore,Allowed,OTC,HSA,"Common antihistamine, generally unrestricted","Cetirizine, Loratadine",Safe to carry in personal-use quantities,HSA Guidelines,2026-07-20,"Medicine: Chlorpheniramine. Brand: Piriton. Generic: Chlorpheniramine Maleate. Country: Singapore. Status: Allowed. Regulation Type: OTC. Authority: HSA. Reason: Common antihistamine, generally unrestricted. Alternatives: Cetirizine, Loratadine. Traveller Advice: Safe to carry in personal-use quantities."
Chlorpheniramine,Piriton,Chlorpheniramine Maleate,Australia,Allowed,OTC,TGA,"Common antihistamine, generally unrestricted","Cetirizine, Loratadine",Safe to carry in personal-use quantities,TGA Guidelines,2026-07-20,"Medicine: Chlorpheniramine. Brand: Piriton. Generic: Chlorpheniramine Maleate. Country: Australia. Status: Allowed. Regulation Type: OTC. Authority: TGA. Reason: Common antihistamine, generally unrestricted. Alternatives: Cetirizine, Loratadine. Traveller Advice: Safe to carry in personal-use quantities."
Chlorpheniramine,Piriton,Chlorpheniramine Maleate,Canada,Allowed,OTC,Health Canada,"Common antihistamine, generally unrestricted","Cetirizine, Loratadine",Safe to carry in personal-use quantities,Health Canada Guidelines,2026-07-20,"Medicine: Chlorpheniramine. Brand: Piriton. Generic: Chlorpheniramine Maleate. Country: Canada. Status: Allowed. Regulation Type: OTC. Authority: Health Canada. Reason: Common antihistamine, generally unrestricted. Alternatives: Cetirizine, Loratadine. Traveller Advice: Safe to carry in personal-use quantities."
Chlorpheniramine,Piriton,Chlorpheniramine Maleate,Germany,Allowed,OTC,BfArM,"Common antihistamine, generally unrestricted","Cetirizine, Loratadine",Safe to carry in personal-use quantities,BfArM Guidelines,2026-07-20,"Medicine: Chlorpheniramine. Brand: Piriton. Generic: Chlorpheniramine Maleate. Country: Germany. Status: Allowed. Regulation Type: OTC. Authority: BfArM. Reason: Common antihistamine, generally unrestricted. Alternatives: Cetirizine, Loratadine. Traveller Advice: Safe to carry in personal-use quantities."
Chlorpheniramine,Piriton,Chlorpheniramine Maleate,France,Allowed,OTC,ANSM,"Common antihistamine, generally unrestricted","Cetirizine, Loratadine",Safe to carry in personal-use quantities,ANSM Guidelines,2026-07-20,"Medicine: Chlorpheniramine. Brand: Piriton. Generic: Chlorpheniramine Maleate. Country: France. Status: Allowed. Regulation Type: OTC. Authority: ANSM. Reason: Common antihistamine, generally unrestricted. Alternatives: Cetirizine, Loratadine. Traveller Advice: Safe to carry in personal-use quantities."
Naproxen,Aleve / Naprosyn,Naproxen,India,Allowed,OTC,CDSCO,"Common NSAID, generally unrestricted",Ibuprofen,Safe to carry in personal-use quantities,CDSCO Guidelines,2026-07-20,"Medicine: Naproxen. Brand: Aleve / Naprosyn. Generic: Naproxen. Country: India. Status: Allowed. Regulation Type: OTC. Authority: CDSCO. Reason: Common NSAID, generally unrestricted. Alternatives: Ibuprofen. Traveller Advice: Safe to carry in personal-use quantities."
Naproxen,Aleve / Naprosyn,Naproxen,USA,Allowed,OTC,FDA / DEA,"Common NSAID, generally unrestricted",Ibuprofen,Safe to carry in personal-use quantities,FDA / DEA Guidelines,2026-07-20,"Medicine: Naproxen. Brand: Aleve / Naprosyn. Generic: Naproxen. Country: USA. Status: Allowed. Regulation Type: OTC. Authority: FDA / DEA. Reason: Common NSAID, generally unrestricted. Alternatives: Ibuprofen. Traveller Advice: Safe to carry in personal-use quantities."
Naproxen,Aleve / Naprosyn,Naproxen,UK,Allowed,OTC,MHRA / Home Office,"Common NSAID, generally unrestricted",Ibuprofen,Safe to carry in personal-use quantities,MHRA / Home Office Guidelines,2026-07-20,"Medicine: Naproxen. Brand: Aleve / Naprosyn. Generic: Naproxen. Country: UK. Status: Allowed. Regulation Type: OTC. Authority: MHRA / Home Office. Reason: Common NSAID, generally unrestricted. Alternatives: Ibuprofen. Traveller Advice: Safe to carry in personal-use quantities."
Naproxen,Aleve / Naprosyn,Naproxen,Japan,Allowed,OTC,MHLW,"Common NSAID, generally unrestricted",Ibuprofen,Safe to carry in personal-use quantities,MHLW Guidelines,2026-07-20,"Medicine: Naproxen. Brand: Aleve / Naprosyn. Generic: Naproxen. Country: Japan. Status: Allowed. Regulation Type: OTC. Authority: MHLW. Reason: Common NSAID, generally unrestricted. Alternatives: Ibuprofen. Traveller Advice: Safe to carry in personal-use quantities."
Naproxen,Aleve / Naprosyn,Naproxen,UAE,Allowed,OTC,MOHAP,"Common NSAID, generally unrestricted",Ibuprofen,Safe to carry in personal-use quantities,MOHAP Guidelines,2026-07-20,"Medicine: Naproxen. Brand: Aleve / Naprosyn. Generic: Naproxen. Country: UAE. Status: Allowed. Regulation Type: OTC. Authority: MOHAP. Reason: Common NSAID, generally unrestricted. Alternatives: Ibuprofen. Traveller Advice: Safe to carry in personal-use quantities."
Naproxen,Aleve / Naprosyn,Naproxen,Singapore,Allowed,OTC,HSA,"Common NSAID, generally unrestricted",Ibuprofen,Safe to carry in personal-use quantities,HSA Guidelines,2026-07-20,"Medicine: Naproxen. Brand: Aleve / Naprosyn. Generic: Naproxen. Country: Singapore. Status: Allowed. Regulation Type: OTC. Authority: HSA. Reason: Common NSAID, generally unrestricted. Alternatives: Ibuprofen. Traveller Advice: Safe to carry in personal-use quantities."
Naproxen,Aleve / Naprosyn,Naproxen,Australia,Allowed,OTC,TGA,"Common NSAID, generally unrestricted",Ibuprofen,Safe to carry in personal-use quantities,TGA Guidelines,2026-07-20,"Medicine: Naproxen. Brand: Aleve / Naprosyn. Generic: Naproxen. Country: Australia. Status: Allowed. Regulation Type: OTC. Authority: TGA. Reason: Common NSAID, generally unrestricted. Alternatives: Ibuprofen. Traveller Advice: Safe to carry in personal-use quantities."
Naproxen,Aleve / Naprosyn,Naproxen,Canada,Allowed,OTC,Health Canada,"Common NSAID, generally unrestricted",Ibuprofen,Safe to carry in personal-use quantities,Health Canada Guidelines,2026-07-20,"Medicine: Naproxen. Brand: Aleve / Naprosyn. Generic: Naproxen. Country: Canada. Status: Allowed. Regulation Type: OTC. Authority: Health Canada. Reason: Common NSAID, generally unrestricted. Alternatives: Ibuprofen. Traveller Advice: Safe to carry in personal-use quantities."
Naproxen,Aleve / Naprosyn,Naproxen,Germany,Allowed,OTC,BfArM,"Common NSAID, generally unrestricted",Ibuprofen,Safe to carry in personal-use quantities,BfArM Guidelines,2026-07-20,"Medicine: Naproxen. Brand: Aleve / Naprosyn. Generic: Naproxen. Country: Germany. Status: Allowed. Regulation Type: OTC. Authority: BfArM. Reason: Common NSAID, generally unrestricted. Alternatives: Ibuprofen. Traveller Advice: Safe to carry in personal-use quantities."
Naproxen,Aleve / Naprosyn,Naproxen,France,Allowed,OTC,ANSM,"Common NSAID, generally unrestricted",Ibuprofen,Safe to carry in personal-use quantities,ANSM Guidelines,2026-07-20,"Medicine: Naproxen. Brand: Aleve / Naprosyn. Generic: Naproxen. Country: France. Status: Allowed. Regulation Type: OTC. Authority: ANSM. Reason: Common NSAID, generally unrestricted. Alternatives: Ibuprofen. Traveller Advice: Safe to carry in personal-use quantities."
Diclofenac,Voltaren,Diclofenac,India,Allowed,OTC/Prescription,CDSCO,"Common NSAID, generally unrestricted","Ibuprofen, Naproxen",Safe to carry in personal-use quantities,CDSCO Guidelines,2026-07-20,"Medicine: Diclofenac. Brand: Voltaren. Generic: Diclofenac. Country: India. Status: Allowed. Regulation Type: OTC/Prescription. Authority: CDSCO. Reason: Common NSAID, generally unrestricted. Alternatives: Ibuprofen, Naproxen. Traveller Advice: Safe to carry in personal-use quantities."
Diclofenac,Voltaren,Diclofenac,USA,Allowed,OTC/Prescription,FDA / DEA,"Common NSAID, generally unrestricted","Ibuprofen, Naproxen",Safe to carry in personal-use quantities,FDA / DEA Guidelines,2026-07-20,"Medicine: Diclofenac. Brand: Voltaren. Generic: Diclofenac. Country: USA. Status: Allowed. Regulation Type: OTC/Prescription. Authority: FDA / DEA. Reason: Common NSAID, generally unrestricted. Alternatives: Ibuprofen, Naproxen. Traveller Advice: Safe to carry in personal-use quantities."
Diclofenac,Voltaren,Diclofenac,UK,Allowed,OTC/Prescription,MHRA / Home Office,"Common NSAID, generally unrestricted","Ibuprofen, Naproxen",Safe to carry in personal-use quantities,MHRA / Home Office Guidelines,2026-07-20,"Medicine: Diclofenac. Brand: Voltaren. Generic: Diclofenac. Country: UK. Status: Allowed. Regulation Type: OTC/Prescription. Authority: MHRA / Home Office. Reason: Common NSAID, generally unrestricted. Alternatives: Ibuprofen, Naproxen. Traveller Advice: Safe to carry in personal-use quantities."
Diclofenac,Voltaren,Diclofenac,Japan,Allowed,OTC/Prescription,MHLW,"Common NSAID, generally unrestricted","Ibuprofen, Naproxen",Safe to carry in personal-use quantities,MHLW Guidelines,2026-07-20,"Medicine: Diclofenac. Brand: Voltaren. Generic: Diclofenac. Country: Japan. Status: Allowed. Regulation Type: OTC/Prescription. Authority: MHLW. Reason: Common NSAID, generally unrestricted. Alternatives: Ibuprofen, Naproxen. Traveller Advice: Safe to carry in personal-use quantities."
Diclofenac,Voltaren,Diclofenac,UAE,Allowed,OTC/Prescription,MOHAP,"Common NSAID, generally unrestricted","Ibuprofen, Naproxen",Safe to carry in personal-use quantities,MOHAP Guidelines,2026-07-20,"Medicine: Diclofenac. Brand: Voltaren. Generic: Diclofenac. Country: UAE. Status: Allowed. Regulation Type: OTC/Prescription. Authority: MOHAP. Reason: Common NSAID, generally unrestricted. Alternatives: Ibuprofen, Naproxen. Traveller Advice: Safe to carry in personal-use quantities."
Diclofenac,Voltaren,Diclofenac,Singapore,Allowed,OTC/Prescription,HSA,"Common NSAID, generally unrestricted","Ibuprofen, Naproxen",Safe to carry in personal-use quantities,HSA Guidelines,2026-07-20,"Medicine: Diclofenac. Brand: Voltaren. Generic: Diclofenac. Country: Singapore. Status: Allowed. Regulation Type: OTC/Prescription. Authority: HSA. Reason: Common NSAID, generally unrestricted. Alternatives: Ibuprofen, Naproxen. Traveller Advice: Safe to carry in personal-use quantities."
Diclofenac,Voltaren,Diclofenac,Australia,Allowed,OTC/Prescription,TGA,"Common NSAID, generally unrestricted","Ibuprofen, Naproxen",Safe to carry in personal-use quantities,TGA Guidelines,2026-07-20,"Medicine: Diclofenac. Brand: Voltaren. Generic: Diclofenac. Country: Australia. Status: Allowed. Regulation Type: OTC/Prescription. Authority: TGA. Reason: Common NSAID, generally unrestricted. Alternatives: Ibuprofen, Naproxen. Traveller Advice: Safe to carry in personal-use quantities."
Diclofenac,Voltaren,Diclofenac,Canada,Allowed,OTC/Prescription,Health Canada,"Common NSAID, generally unrestricted","Ibuprofen, Naproxen",Safe to carry in personal-use quantities,Health Canada Guidelines,2026-07-20,"Medicine: Diclofenac. Brand: Voltaren. Generic: Diclofenac. Country: Canada. Status: Allowed. Regulation Type: OTC/Prescription. Authority: Health Canada. Reason: Common NSAID, generally unrestricted. Alternatives: Ibuprofen, Naproxen. Traveller Advice: Safe to carry in personal-use quantities."
Diclofenac,Voltaren,Diclofenac,Germany,Allowed,OTC/Prescription,BfArM,"Common NSAID, generally unrestricted","Ibuprofen, Naproxen",Safe to carry in personal-use quantities,BfArM Guidelines,2026-07-20,"Medicine: Diclofenac. Brand: Voltaren. Generic: Diclofenac. Country: Germany. Status: Allowed. Regulation Type: OTC/Prescription. Authority: BfArM. Reason: Common NSAID, generally unrestricted. Alternatives: Ibuprofen, Naproxen. Traveller Advice: Safe to carry in personal-use quantities."
Diclofenac,Voltaren,Diclofenac,France,Allowed,OTC/Prescription,ANSM,"Common NSAID, generally unrestricted","Ibuprofen, Naproxen",Safe to carry in personal-use quantities,ANSM Guidelines,2026-07-20,"Medicine: Diclofenac. Brand: Voltaren. Generic: Diclofenac. Country: France. Status: Allowed. Regulation Type: OTC/Prescription. Authority: ANSM. Reason: Common NSAID, generally unrestricted. Alternatives: Ibuprofen, Naproxen. Traveller Advice: Safe to carry in personal-use quantities."
Prednisolone,Wysolone,Prednisolone,India,Allowed,Prescription,CDSCO,"Standard corticosteroid, not restricted for travel",N/A,Carry prescription,CDSCO Guidelines,2026-07-20,"Medicine: Prednisolone. Brand: Wysolone. Generic: Prednisolone. Country: India. Status: Allowed. Regulation Type: Prescription. Authority: CDSCO. Reason: Standard corticosteroid, not restricted for travel. Alternatives: N/A. Traveller Advice: Carry prescription."
Prednisolone,Wysolone,Prednisolone,USA,Allowed,Prescription,FDA / DEA,"Standard corticosteroid, not restricted for travel",N/A,Carry prescription,FDA / DEA Guidelines,2026-07-20,"Medicine: Prednisolone. Brand: Wysolone. Generic: Prednisolone. Country: USA. Status: Allowed. Regulation Type: Prescription. Authority: FDA / DEA. Reason: Standard corticosteroid, not restricted for travel. Alternatives: N/A. Traveller Advice: Carry prescription."
Prednisolone,Wysolone,Prednisolone,UK,Allowed,Prescription,MHRA / Home Office,"Standard corticosteroid, not restricted for travel",N/A,Carry prescription,MHRA / Home Office Guidelines,2026-07-20,"Medicine: Prednisolone. Brand: Wysolone. Generic: Prednisolone. Country: UK. Status: Allowed. Regulation Type: Prescription. Authority: MHRA / Home Office. Reason: Standard corticosteroid, not restricted for travel. Alternatives: N/A. Traveller Advice: Carry prescription."
Prednisolone,Wysolone,Prednisolone,Japan,Allowed,Prescription,MHLW,"Standard corticosteroid, not restricted for travel",N/A,Carry prescription,MHLW Guidelines,2026-07-20,"Medicine: Prednisolone. Brand: Wysolone. Generic: Prednisolone. Country: Japan. Status: Allowed. Regulation Type: Prescription. Authority: MHLW. Reason: Standard corticosteroid, not restricted for travel. Alternatives: N/A. Traveller Advice: Carry prescription."
Prednisolone,Wysolone,Prednisolone,UAE,Allowed,Prescription,MOHAP,"Standard corticosteroid, not restricted for travel",N/A,Carry prescription,MOHAP Guidelines,2026-07-20,"Medicine: Prednisolone. Brand: Wysolone. Generic: Prednisolone. Country: UAE. Status: Allowed. Regulation Type: Prescription. Authority: MOHAP. Reason: Standard corticosteroid, not restricted for travel. Alternatives: N/A. Traveller Advice: Carry prescription."
Prednisolone,Wysolone,Prednisolone,Singapore,Allowed,Prescription,HSA,"Standard corticosteroid, not restricted for travel",N/A,Carry prescription,HSA Guidelines,2026-07-20,"Medicine: Prednisolone. Brand: Wysolone. Generic: Prednisolone. Country: Singapore. Status: Allowed. Regulation Type: Prescription. Authority: HSA. Reason: Standard corticosteroid, not restricted for travel. Alternatives: N/A. Traveller Advice: Carry prescription."
Prednisolone,Wysolone,Prednisolone,Australia,Allowed,Prescription,TGA,"Standard corticosteroid, not restricted for travel",N/A,Carry prescription,TGA Guidelines,2026-07-20,"Medicine: Prednisolone. Brand: Wysolone. Generic: Prednisolone. Country: Australia. Status: Allowed. Regulation Type: Prescription. Authority: TGA. Reason: Standard corticosteroid, not restricted for travel. Alternatives: N/A. Traveller Advice: Carry prescription."
Prednisolone,Wysolone,Prednisolone,Canada,Allowed,Prescription,Health Canada,"Standard corticosteroid, not restricted for travel",N/A,Carry prescription,Health Canada Guidelines,2026-07-20,"Medicine: Prednisolone. Brand: Wysolone. Generic: Prednisolone. Country: Canada. Status: Allowed. Regulation Type: Prescription. Authority: Health Canada. Reason: Standard corticosteroid, not restricted for travel. Alternatives: N/A. Traveller Advice: Carry prescription."
Prednisolone,Wysolone,Prednisolone,Germany,Allowed,Prescription,BfArM,"Standard corticosteroid, not restricted for travel",N/A,Carry prescription,BfArM Guidelines,2026-07-20,"Medicine: Prednisolone. Brand: Wysolone. Generic: Prednisolone. Country: Germany. Status: Allowed. Regulation Type: Prescription. Authority: BfArM. Reason: Standard corticosteroid, not restricted for travel. Alternatives: N/A. Traveller Advice: Carry prescription."
Prednisolone,Wysolone,Prednisolone,France,Allowed,Prescription,ANSM,"Standard corticosteroid, not restricted for travel",N/A,Carry prescription,ANSM Guidelines,2026-07-20,"Medicine: Prednisolone. Brand: Wysolone. Generic: Prednisolone. Country: France. Status: Allowed. Regulation Type: Prescription. Authority: ANSM. Reason: Standard corticosteroid, not restricted for travel. Alternatives: N/A. Traveller Advice: Carry prescription."
Warfarin,Coumadin,Warfarin,India,Allowed,Prescription,CDSCO,"Standard anticoagulant, not restricted for travel",N/A,Carry prescription; monitor INR while travelling,CDSCO Guidelines,2026-07-20,"Medicine: Warfarin. Brand: Coumadin. Generic: Warfarin. Country: India. Status: Allowed. Regulation Type: Prescription. Authority: CDSCO. Reason: Standard anticoagulant, not restricted for travel. Alternatives: N/A. Traveller Advice: Carry prescription; monitor INR while travelling."
Warfarin,Coumadin,Warfarin,USA,Allowed,Prescription,FDA / DEA,"Standard anticoagulant, not restricted for travel",N/A,Carry prescription; monitor INR while travelling,FDA / DEA Guidelines,2026-07-20,"Medicine: Warfarin. Brand: Coumadin. Generic: Warfarin. Country: USA. Status: Allowed. Regulation Type: Prescription. Authority: FDA / DEA. Reason: Standard anticoagulant, not restricted for travel. Alternatives: N/A. Traveller Advice: Carry prescription; monitor INR while travelling."
Warfarin,Coumadin,Warfarin,UK,Allowed,Prescription,MHRA / Home Office,"Standard anticoagulant, not restricted for travel",N/A,Carry prescription; monitor INR while travelling,MHRA / Home Office Guidelines,2026-07-20,"Medicine: Warfarin. Brand: Coumadin. Generic: Warfarin. Country: UK. Status: Allowed. Regulation Type: Prescription. Authority: MHRA / Home Office. Reason: Standard anticoagulant, not restricted for travel. Alternatives: N/A. Traveller Advice: Carry prescription; monitor INR while travelling."
Warfarin,Coumadin,Warfarin,Japan,Allowed,Prescription,MHLW,"Standard anticoagulant, not restricted for travel",N/A,Carry prescription; monitor INR while travelling,MHLW Guidelines,2026-07-20,"Medicine: Warfarin. Brand: Coumadin. Generic: Warfarin. Country: Japan. Status: Allowed. Regulation Type: Prescription. Authority: MHLW. Reason: Standard anticoagulant, not restricted for travel. Alternatives: N/A. Traveller Advice: Carry prescription; monitor INR while travelling."
Warfarin,Coumadin,Warfarin,UAE,Allowed,Prescription,MOHAP,"Standard anticoagulant, not restricted for travel",N/A,Carry prescription; monitor INR while travelling,MOHAP Guidelines,2026-07-20,"Medicine: Warfarin. Brand: Coumadin. Generic: Warfarin. Country: UAE. Status: Allowed. Regulation Type: Prescription. Authority: MOHAP. Reason: Standard anticoagulant, not restricted for travel. Alternatives: N/A. Traveller Advice: Carry prescription; monitor INR while travelling."
Warfarin,Coumadin,Warfarin,Singapore,Allowed,Prescription,HSA,"Standard anticoagulant, not restricted for travel",N/A,Carry prescription; monitor INR while travelling,HSA Guidelines,2026-07-20,"Medicine: Warfarin. Brand: Coumadin. Generic: Warfarin. Country: Singapore. Status: Allowed. Regulation Type: Prescription. Authority: HSA. Reason: Standard anticoagulant, not restricted for travel. Alternatives: N/A. Traveller Advice: Carry prescription; monitor INR while travelling."
Warfarin,Coumadin,Warfarin,Australia,Allowed,Prescription,TGA,"Standard anticoagulant, not restricted for travel",N/A,Carry prescription; monitor INR while travelling,TGA Guidelines,2026-07-20,"Medicine: Warfarin. Brand: Coumadin. Generic: Warfarin. Country: Australia. Status: Allowed. Regulation Type: Prescription. Authority: TGA. Reason: Standard anticoagulant, not restricted for travel. Alternatives: N/A. Traveller Advice: Carry prescription; monitor INR while travelling."
Warfarin,Coumadin,Warfarin,Canada,Allowed,Prescription,Health Canada,"Standard anticoagulant, not restricted for travel",N/A,Carry prescription; monitor INR while travelling,Health Canada Guidelines,2026-07-20,"Medicine: Warfarin. Brand: Coumadin. Generic: Warfarin. Country: Canada. Status: Allowed. Regulation Type: Prescription. Authority: Health Canada. Reason: Standard anticoagulant, not restricted for travel. Alternatives: N/A. Traveller Advice: Carry prescription; monitor INR while travelling."
Warfarin,Coumadin,Warfarin,Germany,Allowed,Prescription,BfArM,"Standard anticoagulant, not restricted for travel",N/A,Carry prescription; monitor INR while travelling,BfArM Guidelines,2026-07-20,"Medicine: Warfarin. Brand: Coumadin. Generic: Warfarin. Country: Germany. Status: Allowed. Regulation Type: Prescription. Authority: BfArM. Reason: Standard anticoagulant, not restricted for travel. Alternatives: N/A. Traveller Advice: Carry prescription; monitor INR while travelling."
Warfarin,Coumadin,Warfarin,France,Allowed,Prescription,ANSM,"Standard anticoagulant, not restricted for travel",N/A,Carry prescription; monitor INR while travelling,ANSM Guidelines,2026-07-20,"Medicine: Warfarin. Brand: Coumadin. Generic: Warfarin. Country: France. Status: Allowed. Regulation Type: Prescription. Authority: ANSM. Reason: Standard anticoagulant, not restricted for travel. Alternatives: N/A. Traveller Advice: Carry prescription; monitor INR while travelling."
Levothyroxine,Synthroid / Eltroxin,Levothyroxine,India,Allowed,Prescription,CDSCO,"Standard thyroid hormone replacement, not restricted for travel",N/A,Carry prescription,CDSCO Guidelines,2026-07-20,"Medicine: Levothyroxine. Brand: Synthroid / Eltroxin. Generic: Levothyroxine. Country: India. Status: Allowed. Regulation Type: Prescription. Authority: CDSCO. Reason: Standard thyroid hormone replacement, not restricted for travel. Alternatives: N/A. Traveller Advice: Carry prescription."
Levothyroxine,Synthroid / Eltroxin,Levothyroxine,USA,Allowed,Prescription,FDA / DEA,"Standard thyroid hormone replacement, not restricted for travel",N/A,Carry prescription,FDA / DEA Guidelines,2026-07-20,"Medicine: Levothyroxine. Brand: Synthroid / Eltroxin. Generic: Levothyroxine. Country: USA. Status: Allowed. Regulation Type: Prescription. Authority: FDA / DEA. Reason: Standard thyroid hormone replacement, not restricted for travel. Alternatives: N/A. Traveller Advice: Carry prescription."
Levothyroxine,Synthroid / Eltroxin,Levothyroxine,UK,Allowed,Prescription,MHRA / Home Office,"Standard thyroid hormone replacement, not restricted for travel",N/A,Carry prescription,MHRA / Home Office Guidelines,2026-07-20,"Medicine: Levothyroxine. Brand: Synthroid / Eltroxin. Generic: Levothyroxine. Country: UK. Status: Allowed. Regulation Type: Prescription. Authority: MHRA / Home Office. Reason: Standard thyroid hormone replacement, not restricted for travel. Alternatives: N/A. Traveller Advice: Carry prescription."
Levothyroxine,Synthroid / Eltroxin,Levothyroxine,Japan,Allowed,Prescription,MHLW,"Standard thyroid hormone replacement, not restricted for travel",N/A,Carry prescription,MHLW Guidelines,2026-07-20,"Medicine: Levothyroxine. Brand: Synthroid / Eltroxin. Generic: Levothyroxine. Country: Japan. Status: Allowed. Regulation Type: Prescription. Authority: MHLW. Reason: Standard thyroid hormone replacement, not restricted for travel. Alternatives: N/A. Traveller Advice: Carry prescription."
Levothyroxine,Synthroid / Eltroxin,Levothyroxine,UAE,Allowed,Prescription,MOHAP,"Standard thyroid hormone replacement, not restricted for travel",N/A,Carry prescription,MOHAP Guidelines,2026-07-20,"Medicine: Levothyroxine. Brand: Synthroid / Eltroxin. Generic: Levothyroxine. Country: UAE. Status: Allowed. Regulation Type: Prescription. Authority: MOHAP. Reason: Standard thyroid hormone replacement, not restricted for travel. Alternatives: N/A. Traveller Advice: Carry prescription."
Levothyroxine,Synthroid / Eltroxin,Levothyroxine,Singapore,Allowed,Prescription,HSA,"Standard thyroid hormone replacement, not restricted for travel",N/A,Carry prescription,HSA Guidelines,2026-07-20,"Medicine: Levothyroxine. Brand: Synthroid / Eltroxin. Generic: Levothyroxine. Country: Singapore. Status: Allowed. Regulation Type: Prescription. Authority: HSA. Reason: Standard thyroid hormone replacement, not restricted for travel. Alternatives: N/A. Traveller Advice: Carry prescription."
Levothyroxine,Synthroid / Eltroxin,Levothyroxine,Australia,Allowed,Prescription,TGA,"Standard thyroid hormone replacement, not restricted for travel",N/A,Carry prescription,TGA Guidelines,2026-07-20,"Medicine: Levothyroxine. Brand: Synthroid / Eltroxin. Generic: Levothyroxine. Country: Australia. Status: Allowed. Regulation Type: Prescription. Authority: TGA. Reason: Standard thyroid hormone replacement, not restricted for travel. Alternatives: N/A. Traveller Advice: Carry prescription."
Levothyroxine,Synthroid / Eltroxin,Levothyroxine,Canada,Allowed,Prescription,Health Canada,"Standard thyroid hormone replacement, not restricted for travel",N/A,Carry prescription,Health Canada Guidelines,2026-07-20,"Medicine: Levothyroxine. Brand: Synthroid / Eltroxin. Generic: Levothyroxine. Country: Canada. Status: Allowed. Regulation Type: Prescription. Authority: Health Canada. Reason: Standard thyroid hormone replacement, not restricted for travel. Alternatives: N/A. Traveller Advice: Carry prescription."
Levothyroxine,Synthroid / Eltroxin,Levothyroxine,Germany,Allowed,Prescription,BfArM,"Standard thyroid hormone replacement, not restricted for travel",N/A,Carry prescription,BfArM Guidelines,2026-07-20,"Medicine: Levothyroxine. Brand: Synthroid / Eltroxin. Generic: Levothyroxine. Country: Germany. Status: Allowed. Regulation Type: Prescription. Authority: BfArM. Reason: Standard thyroid hormone replacement, not restricted for travel. Alternatives: N/A. Traveller Advice: Carry prescription."
Levothyroxine,Synthroid / Eltroxin,Levothyroxine,France,Allowed,Prescription,ANSM,"Standard thyroid hormone replacement, not restricted for travel",N/A,Carry prescription,ANSM Guidelines,2026-07-20,"Medicine: Levothyroxine. Brand: Synthroid / Eltroxin. Generic: Levothyroxine. Country: France. Status: Allowed. Regulation Type: Prescription. Authority: ANSM. Reason: Standard thyroid hormone replacement, not restricted for travel. Alternatives: N/A. Traveller Advice: Carry prescription."
Epinephrine Auto-Injector,EpiPen,Epinephrine,India,Allowed,Prescription,CDSCO,"Emergency allergy treatment, generally allowed for personal use",N/A,Carry prescription and doctor's letter,CDSCO Guidelines,2026-07-20,"Medicine: Epinephrine Auto-Injector. Brand: EpiPen. Generic: Epinephrine. Country: India. Status: Allowed. Regulation Type: Prescription. Authority: CDSCO. Reason: Emergency allergy treatment, generally allowed for personal use. Alternatives: N/A. Traveller Advice: Carry prescription and doctor's letter."
Epinephrine Auto-Injector,EpiPen,Epinephrine,USA,Allowed,Prescription,FDA / DEA,"Emergency allergy treatment, generally allowed for personal use",N/A,Carry prescription and doctor's letter,FDA / DEA Guidelines,2026-07-20,"Medicine: Epinephrine Auto-Injector. Brand: EpiPen. Generic: Epinephrine. Country: USA. Status: Allowed. Regulation Type: Prescription. Authority: FDA / DEA. Reason: Emergency allergy treatment, generally allowed for personal use. Alternatives: N/A. Traveller Advice: Carry prescription and doctor's letter."
Epinephrine Auto-Injector,EpiPen,Epinephrine,UK,Allowed,Prescription,MHRA / Home Office,"Emergency allergy treatment, generally allowed for personal use",N/A,Carry prescription and doctor's letter,MHRA / Home Office Guidelines,2026-07-20,"Medicine: Epinephrine Auto-Injector. Brand: EpiPen. Generic: Epinephrine. Country: UK. Status: Allowed. Regulation Type: Prescription. Authority: MHRA / Home Office. Reason: Emergency allergy treatment, generally allowed for personal use. Alternatives: N/A. Traveller Advice: Carry prescription and doctor's letter."
Epinephrine Auto-Injector,EpiPen,Epinephrine,Japan,Allowed,Prescription,MHLW,"Emergency allergy treatment, generally allowed for personal use",N/A,Carry prescription and doctor's letter,MHLW Guidelines,2026-07-20,"Medicine: Epinephrine Auto-Injector. Brand: EpiPen. Generic: Epinephrine. Country: Japan. Status: Allowed. Regulation Type: Prescription. Authority: MHLW. Reason: Emergency allergy treatment, generally allowed for personal use. Alternatives: N/A. Traveller Advice: Carry prescription and doctor's letter."
Epinephrine Auto-Injector,EpiPen,Epinephrine,UAE,Allowed,Prescription,MOHAP,"Emergency allergy treatment, generally allowed for personal use",N/A,Carry prescription and doctor's letter,MOHAP Guidelines,2026-07-20,"Medicine: Epinephrine Auto-Injector. Brand: EpiPen. Generic: Epinephrine. Country: UAE. Status: Allowed. Regulation Type: Prescription. Authority: MOHAP. Reason: Emergency allergy treatment, generally allowed for personal use. Alternatives: N/A. Traveller Advice: Carry prescription and doctor's letter."
Epinephrine Auto-Injector,EpiPen,Epinephrine,Singapore,Allowed,Prescription,HSA,"Emergency allergy treatment, generally allowed for personal use",N/A,Carry prescription and doctor's letter,HSA Guidelines,2026-07-20,"Medicine: Epinephrine Auto-Injector. Brand: EpiPen. Generic: Epinephrine. Country: Singapore. Status: Allowed. Regulation Type: Prescription. Authority: HSA. Reason: Emergency allergy treatment, generally allowed for personal use. Alternatives: N/A. Traveller Advice: Carry prescription and doctor's letter."
Epinephrine Auto-Injector,EpiPen,Epinephrine,Australia,Allowed,Prescription,TGA,"Emergency allergy treatment, generally allowed for personal use",N/A,Carry prescription and doctor's letter,TGA Guidelines,2026-07-20,"Medicine: Epinephrine Auto-Injector. Brand: EpiPen. Generic: Epinephrine. Country: Australia. Status: Allowed. Regulation Type: Prescription. Authority: TGA. Reason: Emergency allergy treatment, generally allowed for personal use. Alternatives: N/A. Traveller Advice: Carry prescription and doctor's letter."
Epinephrine Auto-Injector,EpiPen,Epinephrine,Canada,Allowed,Prescription,Health Canada,"Emergency allergy treatment, generally allowed for personal use",N/A,Carry prescription and doctor's letter,Health Canada Guidelines,2026-07-20,"Medicine: Epinephrine Auto-Injector. Brand: EpiPen. Generic: Epinephrine. Country: Canada. Status: Allowed. Regulation Type: Prescription. Authority: Health Canada. Reason: Emergency allergy treatment, generally allowed for personal use. Alternatives: N/A. Traveller Advice: Carry prescription and doctor's letter."
Epinephrine Auto-Injector,EpiPen,Epinephrine,Germany,Allowed,Prescription,BfArM,"Emergency allergy treatment, generally allowed for personal use",N/A,Carry prescription and doctor's letter,BfArM Guidelines,2026-07-20,"Medicine: Epinephrine Auto-Injector. Brand: EpiPen. Generic: Epinephrine. Country: Germany. Status: Allowed. Regulation Type: Prescription. Authority: BfArM. Reason: Emergency allergy treatment, generally allowed for personal use. Alternatives: N/A. Traveller Advice: Carry prescription and doctor's letter."
Epinephrine Auto-Injector,EpiPen,Epinephrine,France,Allowed,Prescription,ANSM,"Emergency allergy treatment, generally allowed for personal use",N/A,Carry prescription and doctor's letter,ANSM Guidelines,2026-07-20,"Medicine: Epinephrine Auto-Injector. Brand: EpiPen. Generic: Epinephrine. Country: France. Status: Allowed. Regulation Type: Prescription. Authority: ANSM. Reason: Emergency allergy treatment, generally allowed for personal use. Alternatives: N/A. Traveller Advice: Carry prescription and doctor's letter."
Hydrocodone,Vicodin,Hydrocodone,India,Restricted,Controlled Substance,CDSCO,"Opioid analgesic, controlled substance","Paracetamol, Ibuprofen",Carry prescription and doctor's letter,CDSCO Guidelines,2026-07-20,"Medicine: Hydrocodone. Brand: Vicodin. Generic: Hydrocodone. Country: India. Status: Restricted. Regulation Type: Controlled Substance. Authority: CDSCO. Reason: Opioid analgesic, controlled substance. Alternatives: Paracetamol, Ibuprofen. Traveller Advice: Carry prescription and doctor's letter."
Hydrocodone,Vicodin,Hydrocodone,USA,Restricted,Controlled Substance,FDA / DEA,"Opioid analgesic, controlled substance","Paracetamol, Ibuprofen",Carry prescription and doctor's letter,FDA / DEA Guidelines,2026-07-20,"Medicine: Hydrocodone. Brand: Vicodin. Generic: Hydrocodone. Country: USA. Status: Restricted. Regulation Type: Controlled Substance. Authority: FDA / DEA. Reason: Opioid analgesic, controlled substance. Alternatives: Paracetamol, Ibuprofen. Traveller Advice: Carry prescription and doctor's letter."
Hydrocodone,Vicodin,Hydrocodone,UK,Restricted,Controlled Substance,MHRA / Home Office,"Opioid analgesic, controlled substance","Paracetamol, Ibuprofen",Carry prescription and doctor's letter,MHRA / Home Office Guidelines,2026-07-20,"Medicine: Hydrocodone. Brand: Vicodin. Generic: Hydrocodone. Country: UK. Status: Restricted. Regulation Type: Controlled Substance. Authority: MHRA / Home Office. Reason: Opioid analgesic, controlled substance. Alternatives: Paracetamol, Ibuprofen. Traveller Advice: Carry prescription and doctor's letter."
Hydrocodone,Vicodin,Hydrocodone,Japan,Banned,Banned,MHLW,Not approved and classified as banned narcotic,"Paracetamol, Ibuprofen",Do not carry; consult doctor for legal alternative,MHLW Guidelines,2026-07-20,"Medicine: Hydrocodone. Brand: Vicodin. Generic: Hydrocodone. Country: Japan. Status: Banned. Regulation Type: Banned. Authority: MHLW. Reason: Not approved and classified as banned narcotic. Alternatives: Paracetamol, Ibuprofen. Traveller Advice: Do not carry; consult doctor for legal alternative."
Hydrocodone,Vicodin,Hydrocodone,UAE,Banned,Banned,MOHAP,Strictly banned without prior government approval,"Paracetamol, Ibuprofen",Apply for import permit well in advance,MOHAP Guidelines,2026-07-20,"Medicine: Hydrocodone. Brand: Vicodin. Generic: Hydrocodone. Country: UAE. Status: Banned. Regulation Type: Banned. Authority: MOHAP. Reason: Strictly banned without prior government approval. Alternatives: Paracetamol, Ibuprofen. Traveller Advice: Apply for import permit well in advance."
Hydrocodone,Vicodin,Hydrocodone,Singapore,Restricted,Controlled Substance,HSA,"Opioid analgesic, controlled substance","Paracetamol, Ibuprofen",Carry prescription and doctor's letter,HSA Guidelines,2026-07-20,"Medicine: Hydrocodone. Brand: Vicodin. Generic: Hydrocodone. Country: Singapore. Status: Restricted. Regulation Type: Controlled Substance. Authority: HSA. Reason: Opioid analgesic, controlled substance. Alternatives: Paracetamol, Ibuprofen. Traveller Advice: Carry prescription and doctor's letter."
Hydrocodone,Vicodin,Hydrocodone,Australia,Restricted,Controlled Substance,TGA,"Opioid analgesic, controlled substance","Paracetamol, Ibuprofen",Carry prescription and doctor's letter,TGA Guidelines,2026-07-20,"Medicine: Hydrocodone. Brand: Vicodin. Generic: Hydrocodone. Country: Australia. Status: Restricted. Regulation Type: Controlled Substance. Authority: TGA. Reason: Opioid analgesic, controlled substance. Alternatives: Paracetamol, Ibuprofen. Traveller Advice: Carry prescription and doctor's letter."
Hydrocodone,Vicodin,Hydrocodone,Canada,Restricted,Controlled Substance,Health Canada,"Opioid analgesic, controlled substance","Paracetamol, Ibuprofen",Carry prescription and doctor's letter,Health Canada Guidelines,2026-07-20,"Medicine: Hydrocodone. Brand: Vicodin. Generic: Hydrocodone. Country: Canada. Status: Restricted. Regulation Type: Controlled Substance. Authority: Health Canada. Reason: Opioid analgesic, controlled substance. Alternatives: Paracetamol, Ibuprofen. Traveller Advice: Carry prescription and doctor's letter."
Hydrocodone,Vicodin,Hydrocodone,Germany,Restricted,Controlled Substance,BfArM,"Opioid analgesic, controlled substance","Paracetamol, Ibuprofen",Carry prescription and doctor's letter,BfArM Guidelines,2026-07-20,"Medicine: Hydrocodone. Brand: Vicodin. Generic: Hydrocodone. Country: Germany. Status: Restricted. Regulation Type: Controlled Substance. Authority: BfArM. Reason: Opioid analgesic, controlled substance. Alternatives: Paracetamol, Ibuprofen. Traveller Advice: Carry prescription and doctor's letter."
Hydrocodone,Vicodin,Hydrocodone,France,Restricted,Controlled Substance,ANSM,"Opioid analgesic, controlled substance","Paracetamol, Ibuprofen",Carry prescription and doctor's letter,ANSM Guidelines,2026-07-20,"Medicine: Hydrocodone. Brand: Vicodin. Generic: Hydrocodone. Country: France. Status: Restricted. Regulation Type: Controlled Substance. Authority: ANSM. Reason: Opioid analgesic, controlled substance. Alternatives: Paracetamol, Ibuprofen. Traveller Advice: Carry prescription and doctor's letter."
Lorazepam,Ativan,Lorazepam,India,Restricted,Controlled Substance,CDSCO,"Benzodiazepine, controlled psychotropic substance",Non-drug relaxation techniques,Carry prescription; check import quantity limits,CDSCO Guidelines,2026-07-20,"Medicine: Lorazepam. Brand: Ativan. Generic: Lorazepam. Country: India. Status: Restricted. Regulation Type: Controlled Substance. Authority: CDSCO. Reason: Benzodiazepine, controlled psychotropic substance. Alternatives: Non-drug relaxation techniques. Traveller Advice: Carry prescription; check import quantity limits."
Lorazepam,Ativan,Lorazepam,USA,Restricted,Controlled Substance,FDA / DEA,"Benzodiazepine, controlled psychotropic substance",Non-drug relaxation techniques,Carry prescription; check import quantity limits,FDA / DEA Guidelines,2026-07-20,"Medicine: Lorazepam. Brand: Ativan. Generic: Lorazepam. Country: USA. Status: Restricted. Regulation Type: Controlled Substance. Authority: FDA / DEA. Reason: Benzodiazepine, controlled psychotropic substance. Alternatives: Non-drug relaxation techniques. Traveller Advice: Carry prescription; check import quantity limits."
Lorazepam,Ativan,Lorazepam,UK,Restricted,Controlled Substance,MHRA / Home Office,"Benzodiazepine, controlled psychotropic substance",Non-drug relaxation techniques,Carry prescription; check import quantity limits,MHRA / Home Office Guidelines,2026-07-20,"Medicine: Lorazepam. Brand: Ativan. Generic: Lorazepam. Country: UK. Status: Restricted. Regulation Type: Controlled Substance. Authority: MHRA / Home Office. Reason: Benzodiazepine, controlled psychotropic substance. Alternatives: Non-drug relaxation techniques. Traveller Advice: Carry prescription; check import quantity limits."
Lorazepam,Ativan,Lorazepam,Japan,Restricted,Controlled Substance,MHLW,"Benzodiazepine, controlled psychotropic substance",Non-drug relaxation techniques,Carry prescription; check import quantity limits,MHLW Guidelines,2026-07-20,"Medicine: Lorazepam. Brand: Ativan. Generic: Lorazepam. Country: Japan. Status: Restricted. Regulation Type: Controlled Substance. Authority: MHLW. Reason: Benzodiazepine, controlled psychotropic substance. Alternatives: Non-drug relaxation techniques. Traveller Advice: Carry prescription; check import quantity limits."
Lorazepam,Ativan,Lorazepam,UAE,Restricted,Controlled Substance,MOHAP,Controlled psychotropic; import permit generally required,Non-drug relaxation techniques,Apply for MOHAP permit and carry prescription,MOHAP Guidelines,2026-07-20,Medicine: Lorazepam. Brand: Ativan. Generic: Lorazepam. Country: UAE. Status: Restricted. Regulation Type: Controlled Substance. Authority: MOHAP. Reason: Controlled psychotropic; import permit generally required. Alternatives: Non-drug relaxation techniques. Traveller Advice: Apply for MOHAP permit and carry prescription.
Lorazepam,Ativan,Lorazepam,Singapore,Restricted,Controlled Substance,HSA,"Benzodiazepine, controlled psychotropic substance",Non-drug relaxation techniques,Carry prescription; check import quantity limits,HSA Guidelines,2026-07-20,"Medicine: Lorazepam. Brand: Ativan. Generic: Lorazepam. Country: Singapore. Status: Restricted. Regulation Type: Controlled Substance. Authority: HSA. Reason: Benzodiazepine, controlled psychotropic substance. Alternatives: Non-drug relaxation techniques. Traveller Advice: Carry prescription; check import quantity limits."
Lorazepam,Ativan,Lorazepam,Australia,Restricted,Controlled Substance,TGA,"Benzodiazepine, controlled psychotropic substance",Non-drug relaxation techniques,Carry prescription; check import quantity limits,TGA Guidelines,2026-07-20,"Medicine: Lorazepam. Brand: Ativan. Generic: Lorazepam. Country: Australia. Status: Restricted. Regulation Type: Controlled Substance. Authority: TGA. Reason: Benzodiazepine, controlled psychotropic substance. Alternatives: Non-drug relaxation techniques. Traveller Advice: Carry prescription; check import quantity limits."
Lorazepam,Ativan,Lorazepam,Canada,Restricted,Controlled Substance,Health Canada,"Benzodiazepine, controlled psychotropic substance",Non-drug relaxation techniques,Carry prescription; check import quantity limits,Health Canada Guidelines,2026-07-20,"Medicine: Lorazepam. Brand: Ativan. Generic: Lorazepam. Country: Canada. Status: Restricted. Regulation Type: Controlled Substance. Authority: Health Canada. Reason: Benzodiazepine, controlled psychotropic substance. Alternatives: Non-drug relaxation techniques. Traveller Advice: Carry prescription; check import quantity limits."
Lorazepam,Ativan,Lorazepam,Germany,Restricted,Controlled Substance,BfArM,"Benzodiazepine, controlled psychotropic substance",Non-drug relaxation techniques,Carry prescription; check import quantity limits,BfArM Guidelines,2026-07-20,"Medicine: Lorazepam. Brand: Ativan. Generic: Lorazepam. Country: Germany. Status: Restricted. Regulation Type: Controlled Substance. Authority: BfArM. Reason: Benzodiazepine, controlled psychotropic substance. Alternatives: Non-drug relaxation techniques. Traveller Advice: Carry prescription; check import quantity limits."
Lorazepam,Ativan,Lorazepam,France,Restricted,Controlled Substance,ANSM,"Benzodiazepine, controlled psychotropic substance",Non-drug relaxation techniques,Carry prescription; check import quantity limits,ANSM Guidelines,2026-07-20,"Medicine: Lorazepam. Brand: Ativan. Generic: Lorazepam. Country: France. Status: Restricted. Regulation Type: Controlled Substance. Authority: ANSM. Reason: Benzodiazepine, controlled psychotropic substance. Alternatives: Non-drug relaxation techniques. Traveller Advice: Carry prescription; check import quantity limits."
Gabapentin,Neurontin,Gabapentin,India,Allowed,Prescription,CDSCO,Nerve-pain/anticonvulsant medicine; increasingly monitored but not banned,Consult doctor for alternatives,Carry prescription,CDSCO Guidelines,2026-07-20,Medicine: Gabapentin. Brand: Neurontin. Generic: Gabapentin. Country: India. Status: Allowed. Regulation Type: Prescription. Authority: CDSCO. Reason: Nerve-pain/anticonvulsant medicine; increasingly monitored but not banned. Alternatives: Consult doctor for alternatives. Traveller Advice: Carry prescription.
Gabapentin,Neurontin,Gabapentin,USA,Allowed,Prescription,FDA / DEA,Nerve-pain/anticonvulsant medicine; increasingly monitored but not banned,Consult doctor for alternatives,Carry prescription,FDA / DEA Guidelines,2026-07-20,Medicine: Gabapentin. Brand: Neurontin. Generic: Gabapentin. Country: USA. Status: Allowed. Regulation Type: Prescription. Authority: FDA / DEA. Reason: Nerve-pain/anticonvulsant medicine; increasingly monitored but not banned. Alternatives: Consult doctor for alternatives. Traveller Advice: Carry prescription.
Gabapentin,Neurontin,Gabapentin,UK,Allowed,Prescription,MHRA / Home Office,Nerve-pain/anticonvulsant medicine; increasingly monitored but not banned,Consult doctor for alternatives,Carry prescription,MHRA / Home Office Guidelines,2026-07-20,Medicine: Gabapentin. Brand: Neurontin. Generic: Gabapentin. Country: UK. Status: Allowed. Regulation Type: Prescription. Authority: MHRA / Home Office. Reason: Nerve-pain/anticonvulsant medicine; increasingly monitored but not banned. Alternatives: Consult doctor for alternatives. Traveller Advice: Carry prescription.
Gabapentin,Neurontin,Gabapentin,Japan,Allowed,Prescription,MHLW,Nerve-pain/anticonvulsant medicine; increasingly monitored but not banned,Consult doctor for alternatives,Carry prescription,MHLW Guidelines,2026-07-20,Medicine: Gabapentin. Brand: Neurontin. Generic: Gabapentin. Country: Japan. Status: Allowed. Regulation Type: Prescription. Authority: MHLW. Reason: Nerve-pain/anticonvulsant medicine; increasingly monitored but not banned. Alternatives: Consult doctor for alternatives. Traveller Advice: Carry prescription.
Gabapentin,Neurontin,Gabapentin,UAE,Restricted,Controlled Substance,MOHAP,Reclassified as controlled due to misuse concerns,Consult doctor for alternatives,Carry prescription and check import permit requirement,MOHAP Guidelines,2026-07-20,Medicine: Gabapentin. Brand: Neurontin. Generic: Gabapentin. Country: UAE. Status: Restricted. Regulation Type: Controlled Substance. Authority: MOHAP. Reason: Reclassified as controlled due to misuse concerns. Alternatives: Consult doctor for alternatives. Traveller Advice: Carry prescription and check import permit requirement.
Gabapentin,Neurontin,Gabapentin,Singapore,Allowed,Prescription,HSA,Nerve-pain/anticonvulsant medicine; increasingly monitored but not banned,Consult doctor for alternatives,Carry prescription,HSA Guidelines,2026-07-20,Medicine: Gabapentin. Brand: Neurontin. Generic: Gabapentin. Country: Singapore. Status: Allowed. Regulation Type: Prescription. Authority: HSA. Reason: Nerve-pain/anticonvulsant medicine; increasingly monitored but not banned. Alternatives: Consult doctor for alternatives. Traveller Advice: Carry prescription.
Gabapentin,Neurontin,Gabapentin,Australia,Allowed,Prescription,TGA,Nerve-pain/anticonvulsant medicine; increasingly monitored but not banned,Consult doctor for alternatives,Carry prescription,TGA Guidelines,2026-07-20,Medicine: Gabapentin. Brand: Neurontin. Generic: Gabapentin. Country: Australia. Status: Allowed. Regulation Type: Prescription. Authority: TGA. Reason: Nerve-pain/anticonvulsant medicine; increasingly monitored but not banned. Alternatives: Consult doctor for alternatives. Traveller Advice: Carry prescription.
Gabapentin,Neurontin,Gabapentin,Canada,Allowed,Prescription,Health Canada,Nerve-pain/anticonvulsant medicine; increasingly monitored but not banned,Consult doctor for alternatives,Carry prescription,Health Canada Guidelines,2026-07-20,Medicine: Gabapentin. Brand: Neurontin. Generic: Gabapentin. Country: Canada. Status: Allowed. Regulation Type: Prescription. Authority: Health Canada. Reason: Nerve-pain/anticonvulsant medicine; increasingly monitored but not banned. Alternatives: Consult doctor for alternatives. Traveller Advice: Carry prescription.
Gabapentin,Neurontin,Gabapentin,Germany,Allowed,Prescription,BfArM,Nerve-pain/anticonvulsant medicine; increasingly monitored but not banned,Consult doctor for alternatives,Carry prescription,BfArM Guidelines,2026-07-20,Medicine: Gabapentin. Brand: Neurontin. Generic: Gabapentin. Country: Germany. Status: Allowed. Regulation Type: Prescription. Authority: BfArM. Reason: Nerve-pain/anticonvulsant medicine; increasingly monitored but not banned. Alternatives: Consult doctor for alternatives. Traveller Advice: Carry prescription.
Gabapentin,Neurontin,Gabapentin,France,Allowed,Prescription,ANSM,Nerve-pain/anticonvulsant medicine; increasingly monitored but not banned,Consult doctor for alternatives,Carry prescription,ANSM Guidelines,2026-07-20,Medicine: Gabapentin. Brand: Neurontin. Generic: Gabapentin. Country: France. Status: Allowed. Regulation Type: Prescription. Authority: ANSM. Reason: Nerve-pain/anticonvulsant medicine; increasingly monitored but not banned. Alternatives: Consult doctor for alternatives. Traveller Advice: Carry prescription.
Pregabalin,Lyrica,Pregabalin,India,Restricted,Controlled Substance,CDSCO,"Nerve-pain medicine, reclassified as controlled in several countries due to misuse",Gabapentin (consult doctor),Carry prescription; check import quantity limits,CDSCO Guidelines,2026-07-20,"Medicine: Pregabalin. Brand: Lyrica. Generic: Pregabalin. Country: India. Status: Restricted. Regulation Type: Controlled Substance. Authority: CDSCO. Reason: Nerve-pain medicine, reclassified as controlled in several countries due to misuse. Alternatives: Gabapentin (consult doctor). Traveller Advice: Carry prescription; check import quantity limits."
Pregabalin,Lyrica,Pregabalin,USA,Restricted,Controlled Substance,FDA / DEA,"Nerve-pain medicine, reclassified as controlled in several countries due to misuse",Gabapentin (consult doctor),Carry prescription; check import quantity limits,FDA / DEA Guidelines,2026-07-20,"Medicine: Pregabalin. Brand: Lyrica. Generic: Pregabalin. Country: USA. Status: Restricted. Regulation Type: Controlled Substance. Authority: FDA / DEA. Reason: Nerve-pain medicine, reclassified as controlled in several countries due to misuse. Alternatives: Gabapentin (consult doctor). Traveller Advice: Carry prescription; check import quantity limits."
Pregabalin,Lyrica,Pregabalin,UK,Restricted,Controlled Substance (Class C),MHRA / Home Office,Reclassified as a Class C controlled drug,Gabapentin (consult doctor),Carry prescription,MHRA / Home Office Guidelines,2026-07-20,Medicine: Pregabalin. Brand: Lyrica. Generic: Pregabalin. Country: UK. Status: Restricted. Regulation Type: Controlled Substance (Class C). Authority: MHRA / Home Office. Reason: Reclassified as a Class C controlled drug. Alternatives: Gabapentin (consult doctor). Traveller Advice: Carry prescription.
Pregabalin,Lyrica,Pregabalin,Japan,Restricted,Controlled Substance,MHLW,"Nerve-pain medicine, reclassified as controlled in several countries due to misuse",Gabapentin (consult doctor),Carry prescription; check import quantity limits,MHLW Guidelines,2026-07-20,"Medicine: Pregabalin. Brand: Lyrica. Generic: Pregabalin. Country: Japan. Status: Restricted. Regulation Type: Controlled Substance. Authority: MHLW. Reason: Nerve-pain medicine, reclassified as controlled in several countries due to misuse. Alternatives: Gabapentin (consult doctor). Traveller Advice: Carry prescription; check import quantity limits."
Pregabalin,Lyrica,Pregabalin,UAE,Restricted,Controlled Substance,MOHAP,Controlled substance; import permit generally required,Gabapentin (consult doctor),Apply for MOHAP permit and carry prescription,MOHAP Guidelines,2026-07-20,Medicine: Pregabalin. Brand: Lyrica. Generic: Pregabalin. Country: UAE. Status: Restricted. Regulation Type: Controlled Substance. Authority: MOHAP. Reason: Controlled substance; import permit generally required. Alternatives: Gabapentin (consult doctor). Traveller Advice: Apply for MOHAP permit and carry prescription.
Pregabalin,Lyrica,Pregabalin,Singapore,Restricted,Controlled Substance,HSA,"Nerve-pain medicine, reclassified as controlled in several countries due to misuse",Gabapentin (consult doctor),Carry prescription; check import quantity limits,HSA Guidelines,2026-07-20,"Medicine: Pregabalin. Brand: Lyrica. Generic: Pregabalin. Country: Singapore. Status: Restricted. Regulation Type: Controlled Substance. Authority: HSA. Reason: Nerve-pain medicine, reclassified as controlled in several countries due to misuse. Alternatives: Gabapentin (consult doctor). Traveller Advice: Carry prescription; check import quantity limits."
Pregabalin,Lyrica,Pregabalin,Australia,Restricted,Controlled Substance,TGA,"Nerve-pain medicine, reclassified as controlled in several countries due to misuse",Gabapentin (consult doctor),Carry prescription; check import quantity limits,TGA Guidelines,2026-07-20,"Medicine: Pregabalin. Brand: Lyrica. Generic: Pregabalin. Country: Australia. Status: Restricted. Regulation Type: Controlled Substance. Authority: TGA. Reason: Nerve-pain medicine, reclassified as controlled in several countries due to misuse. Alternatives: Gabapentin (consult doctor). Traveller Advice: Carry prescription; check import quantity limits."
Pregabalin,Lyrica,Pregabalin,Canada,Restricted,Controlled Substance,Health Canada,"Nerve-pain medicine, reclassified as controlled in several countries due to misuse",Gabapentin (consult doctor),Carry prescription; check import quantity limits,Health Canada Guidelines,2026-07-20,"Medicine: Pregabalin. Brand: Lyrica. Generic: Pregabalin. Country: Canada. Status: Restricted. Regulation Type: Controlled Substance. Authority: Health Canada. Reason: Nerve-pain medicine, reclassified as controlled in several countries due to misuse. Alternatives: Gabapentin (consult doctor). Traveller Advice: Carry prescription; check import quantity limits."
Pregabalin,Lyrica,Pregabalin,Germany,Restricted,Controlled Substance,BfArM,"Nerve-pain medicine, reclassified as controlled in several countries due to misuse",Gabapentin (consult doctor),Carry prescription; check import quantity limits,BfArM Guidelines,2026-07-20,"Medicine: Pregabalin. Brand: Lyrica. Generic: Pregabalin. Country: Germany. Status: Restricted. Regulation Type: Controlled Substance. Authority: BfArM. Reason: Nerve-pain medicine, reclassified as controlled in several countries due to misuse. Alternatives: Gabapentin (consult doctor). Traveller Advice: Carry prescription; check import quantity limits."
Pregabalin,Lyrica,Pregabalin,France,Restricted,Controlled Substance,ANSM,"Nerve-pain medicine, reclassified as controlled in several countries due to misuse",Gabapentin (consult doctor),Carry prescription; check import quantity limits,ANSM Guidelines,2026-07-20,"Medicine: Pregabalin. Brand: Lyrica. Generic: Pregabalin. Country: France. Status: Restricted. Regulation Type: Controlled Substance. Authority: ANSM. Reason: Nerve-pain medicine, reclassified as controlled in several countries due to misuse. Alternatives: Gabapentin (consult doctor). Traveller Advice: Carry prescription; check import quantity limits."
